participant,group,intercept_corr,intercept_err,logRT_z,difficulty_corr,difficulty_err,incentive_corr,incentive_err,incdiff_corr,incdiff_err
Exp3_1,Forced,68.68810413704159,45.82662785962092,-4.880108727028464,16.25740298649463,-13.52450879219871,3.405147729810491,-0.9276322687484375,0.5517282975443899,-0.6422210083508246
Exp3_10,Forced,57.38470506495737,42.88647921341104,-3.3058118450581375,16.98632402473682,-11.29151552614065,0.9457236357840326,2.1861541356294705,-0.40722775350750307,7.3480321860228885
Exp3_100,Replayed,65.74804240728882,51.31416004118978,-2.12664680281258,16.97475635203511,-9.779297289647175,1.7384736674418768,-0.26092323233611125,-1.157787841543431,-4.822535036977066
Exp3_101,Replayed,67.89659400711787,55.205606826262255,-1.5161775313888013,29.00260427625887,-10.703011468513125,2.2954247815066666,-1.7576118811475632,-1.2536475662421578,0.7528385285099422
Exp3_102,Replayed,75.80892104265925,51.661805835880074,-5.088290288400906,23.182848179161887,4.4737015208377215,2.1294219619126364,2.7476722621875744,7.94296954492985,-5.825090312238318
Exp3_103,Replayed,61.52986319192062,47.83881830936921,-2.5766656406427613,26.528289360487097,0.5584766967945072,-1.6651309347022551,1.4949122543001891,1.0044993059451446,-10.540397390976642
Exp3_104,Replayed,68.02328705197378,57.40970617881147,-1.144020577004305,19.706047124273734,0.03150557549009392,6.5279090042700805,7.812163915780879,-2.916972439410259,10.066510950467594
Exp3_105,Replayed,72.60065182482036,59.084962179407036,-2.7957720792078344,25.672048982162192,6.862318072362584,-9.926548726098423,9.719833002136056,-0.2610037846982457,-5.4780279701690935
Exp3_106,Replayed,65.63704681066896,58.57558173959437,-1.8079493278103018,3.527448206251017,-2.3342786592169986,0.3036358745646748,1.870576887386056,-3.699119640275992,5.4605364414255035
Exp3_107,Replayed,69.83170378367153,54.97989864308223,0.37311410225886465,22.465131767245282,-2.413850044579661,3.7981734449638207,1.722969499439495,-5.629069352527114,-3.9052604094117562
Exp3_108,Replayed,71.87864607650172,41.56438053536404,-3.8534434080779363,18.33914638977144,-18.70072419766552,5.756542653363512,-6.995227051756035,1.9731001347893273,-18.575690863342274
Exp3_109,Replayed,67.79733664486793,49.03417226012916,0.16663679362430894,24.941426989540876,-4.19041712812583,-0.9622898647856903,-0.12970988270891137,-1.1959359494142456,5.574462483471451
Exp3_11,Forced,66.3230975842129,45.36566606657874,-6.799101153931963,14.762541528128974,-8.376776661149272,3.1636548896805605,8.901852092468467,-0.9190469173661623,33.997733045418954
Exp3_110,Replayed,67.14370816449741,65.0710610985178,-1.3251312227556866,17.105674604233997,-9.25080394180091,-1.9614763678709641,6.513658489020882,-0.6398553473556832,4.21532291947803
Exp3_111,Replayed,61.36119463546331,49.86816089661185,-2.9203093543196568,22.309858171285622,-0.5432898575886966,1.1077589219411905,1.0948018908938444,-0.21922724430294133,-1.52666865260416
Exp3_112,Replayed,71.50785567759903,33.38475604267114,-6.047943156962667,32.79304515376876,-26.798620197262167,-0.6147114570076997,4.778550382548351,-0.43742671619852924,21.20185712301226
Exp3_113,Replayed,72.57789424740058,60.40255860289046,-10.002880324859177,9.613657278294927,-3.4549191108680617,-1.037355550943911,-0.3386401659902063,0.8064862145739641,-2.978757051888942
Exp3_114,Replayed,97.11667134123715,91.14587968247292,-1.9993048192094278,6.410093806821115,5.8582954505130544,0.013800482992758933,6.602656282199579,0.1293847103437642,20.59258791616716
Exp3_115,Replayed,58.799243476822056,53.82908647250456,-1.1719900833406252,6.002260154609713,-3.07120860405594,1.7043726913756514,4.697420112737467,1.0030650032681958,2.135588302125041
Exp3_116,Replayed,70.45062724625808,59.305241237625985,-3.693946520776663,21.86408677368701,-1.3288927399544903,1.1388529143977233,0.19650069578580087,-0.7464691839836882,1.1873699877164636
Exp3_117,Replayed,69.36856259302371,46.324122871171866,0.5970872599968935,32.70295559486404,-25.082114403643963,-1.965656400508671,-3.3290561604219615,1.9449238829857771,3.2693048794642774
Exp3_118,Replayed,70.89742818219902,67.64228334587436,2.259466404847771,-5.186514399810353,-5.695165031727694,0.9363331354362283,-0.3530997389509949,3.126585672335051,-0.9185860457787172
Exp3_119,Replayed,71.92967791529665,67.75330156962752,-0.535492867918073,1.5621988760100889,1.0120213262475133,-0.7810253079329104,3.2936775047871016,7.158319178884915,4.266681955715719
Exp3_12,Forced,65.16877888843334,47.567991100358874,-3.852949873395737,15.27730305803999,-11.87098703555133,1.4587414473037459,3.9267601142896744,-0.979674820633226,7.22523723233696
Exp3_120,Replayed,66.12843761905027,65.13325065165785,-0.46222416964053537,2.711268718160722,0.6136683514114623,1.2538530149300835,2.8666613119147097,-2.515003467928989,9.993363353908762
Exp3_121,Replayed,69.37250620133054,63.48516124403902,0.2610334452323144,9.107336707317332,5.786435069641563,0.08552822932738209,0.4987384113840747,1.6638473027858434,2.720499148950469
Exp3_122,Replayed,66.7426310802277,61.92105194944536,1.6091562539842812,2.843077793480883,0.12067996077559684,5.3226835904947,5.730908669992569,4.731822777990278,13.488049399648151
Exp3_123,Replayed,64.14358664922234,46.71365378256911,-1.7761685517737256,9.345274012115294,-11.196711338956263,5.491503921952358,2.475985682965855,1.8478125364090263,-2.0324151358585265
Exp3_124,Replayed,75.65315929349912,66.27643334042182,-2.198570494694195,22.442428110960744,6.620001023395282,2.558368612750148,10.423770592233883,-3.5250825788132927,10.948535682110812
Exp3_125,Replayed,63.184664709298445,43.03220288108983,-5.33012354866012,24.15044272213128,-4.832704959112327,0.8032132176418567,-2.3378533833151423,-1.9119681190398505,-5.780414709105959
Exp3_126,Replayed,70.51386808874811,53.448217824723486,-3.7286315735073643,27.21420104816961,-2.2930009171739556,-1.426285666220393,-6.03391707128911,-0.029980275517182742,-25.034124150914845
Exp3_127,Replayed,59.318813634045334,42.269719194598046,-2.8154856252069043,33.75750681812574,-2.6334381795311614,-0.28784314382478027,3.101554619376497,-4.819007092884362,2.878663802010955
Exp3_128,Replayed,58.23934349385343,52.45162967744762,-2.9231002623244002,10.423396617662327,-3.958531424716597,2.906664580752823,0.37760688002242837,0.46884426418463243,5.2458397326506105
Exp3_129,Replayed,75.05575904232774,52.009680579591624,-4.5659432777447435,22.805532196620792,-20.63918367892898,3.341586078867612,-2.1891710646042526,0.009831297936168583,-4.320454547391859
Exp3_13,Forced,82.64213430529439,28.452493682934122,-10.125245924537154,15.347174076618263,-30.363508605527493,1.7556705419777812,-4.2642896785540705,-0.7741244950525146,-11.779114605928562
Exp3_130,Replayed,65.21320982127128,51.98996502469173,-1.6917471578188028,18.848200448434344,-8.164317817027872,0.4962438505589915,-7.3313221964708575,1.6211077300891747,2.1392517409206073
Exp3_131,Replayed,77.5759058923569,68.92270220538431,-2.1520812537977108,18.169623608933318,-4.08394923436056,2.611906341881181,4.215003263252838,-0.6707671981203382,-2.135674137636014
Exp3_132,Replayed,64.08145031466782,48.38816705874687,-1.0565144496578007,29.60951867174789,-1.6026113687482137,-0.3384324488704226,0.7215243008382872,2.1197877912189274,-2.922339883914786
Exp3_133,Replayed,68.1276351295776,51.845269707128175,-0.4160675691218607,30.318764318754848,-4.585527381558627,1.729571235358106,1.7146281580956373,-0.399774996575481,1.419349569225803
Exp3_134,Replayed,70.1454967591219,53.97313784309859,-4.367170267808923,28.899516188741703,-8.882495814650209,3.2711548292238315,0.15111518076608732,1.7346567547051115,3.656124124930997
Exp3_135,Replayed,57.677541174215136,41.76175102842781,-2.62256566421922,25.944821503522622,-8.259742213454004,0.31188077100489364,6.915045947721249,0.6802966478242845,14.628788078131612
Exp3_136,Replayed,59.90597619778495,52.03996253224084,-1.1854661603498435,13.737285097369705,-7.094537710947506,2.507695073342918,0.9585468236987715,1.3470883378262408,1.5123060779336013
Exp3_137,Replayed,56.35977405426314,52.465895866823544,2.3403935744476883,7.76412858741405,-8.174224472738983,0.4569610608069721,4.625256639397637,5.182322966958593,-9.906740511597071
Exp3_138,Replayed,55.78238318716168,50.08634949506354,-3.179856030440277,16.197404550316453,-0.16416014543117896,-0.9917060659150247,2.10337075688156,-1.4197594059003251,1.2319807439067452
Exp3_139,Replayed,68.52029262366375,50.3193598693187,-0.5790216152559147,25.7040664751638,-11.452687461729674,1.915921149132148,5.098310248850698,1.972394228927559,1.6330105126997676
Exp3_14,Forced,53.5980072036032,55.38977397411806,-7.569958709207695,0.5900217437039849,9.939661834502708,-0.0897113996873381,6.700832776880322,8.920684837959238,-3.2448010378699284
Exp3_140,Replayed,53.336996618303715,48.67789782416519,-1.0591200263899525,4.047131497332272,-2.5447879093770354,0.021308950112550462,-0.996344953013157,-3.310041671890237,-1.4467240244492618
Exp3_141,Replayed,73.88027580168581,52.39152390354935,-0.8625632220756918,21.55801400332822,-12.509207460006941,6.206662295843186,9.199960436416141,-1.6936144011926018,0.10654587868253196
Exp3_142,Replayed,77.14993458688876,58.950684557708236,-0.37808676870750446,16.00950654769745,-12.493819192315058,2.844144348621795,2.3407986197080426,-3.373417907457115,8.899662660992632
Exp3_143,Replayed,76.98141528954444,73.66053373796008,0.6887525798276268,5.748688293492038,-6.199333987757598,-0.18668912198343335,4.154667216054152,-0.9139085683558021,-1.0959253924091321
Exp3_144,Replayed,72.55147947505478,37.0516042311712,-7.807145422544011,26.206589196952876,-46.629407132579374,-2.0843861450641636,2.028552521855881,1.1993008302922017,0.10355061883703609
Exp3_145,Replayed,51.327718619531694,51.55152899098303,0.3623532557562399,4.552032459072774,2.149062462253826,4.716483228815382,6.699913080593992,5.461733596091504,6.847957346363647
Exp3_146,Replayed,72.34588950337569,40.30048895696322,-5.697390940767875,31.82279970965792,-6.7605549251272095,-0.16177410355440713,-8.034942961344047,-0.34950888309024775,-4.752792360688874
Exp3_147,Replayed,81.2227647054475,47.37156869534115,-1.9717590794819841,26.22266531510611,0.28261430772575125,1.3710315715291892,13.683585361481489,-0.4975740646325492,-2.0880154453742925
Exp3_148,Forced,83.60596770300026,39.22425637186868,-3.6845064786832467,19.852472880432195,-21.520263115296782,2.683053527246738,8.528079544668035,1.0583197979845078,17.426388981718887
Exp3_149,Forced,67.32821792224402,37.87842504021247,-4.132100391035024,11.749066436576864,-11.475999513823474,3.247587329214749,0.8295917255856793,-2.855750317490849,-9.048791846873929
Exp3_15,Forced,59.18226730390352,64.42429221181341,-0.8933864503860666,8.969437002444625,-8.860080053385978,10.968790546819951,-6.745720373074112,-3.6267209006413657,-10.535554134368216
Exp3_150,Forced,82.29465878457363,45.08969043969903,-4.69754624809368,18.18406152875613,-23.77799642285678,-2.4379450277471406,-2.5356532247530916,1.6238189011191864,18.46645921222063
Exp3_151,Forced,60.45153092590118,56.22634672946727,-22.79603888584661,28.620030078785128,13.83008936078491,0.6798743019601134,-16.163562622482544,4.9408815179495305,-13.863420768720301
Exp3_152,Forced,67.02752689088446,40.90086428775804,-6.330853295080487,29.58560766932497,-21.846332007513148,1.5325351079491485,-3.1959412484394587,-0.4482167098192996,-0.7111386716463446
Exp3_153,Forced,57.41166285518696,45.093007983418126,-10.511571006143036,5.270932132469101,-1.438477695434166,1.2484511258911062,9.531103379841571,0.053559400008523494,8.094792280569575
Exp3_154,Forced,64.59761086725241,34.20062626789888,-1.4015937273277324,22.757495158105,-23.439230171259105,0.9235611023923982,3.6725689035801086,0.25640219070916115,1.615619465565695
Exp3_155,Forced,75.53045745546196,34.251531816624535,-12.630983876911714,17.530166198809056,-31.514281520850872,-2.3272848721136365,-0.5350828448190414,8.222518194324543,6.640392645611759
Exp3_156,Forced,75.63464451898497,41.05749532824478,-3.7477427756464436,17.63114103520285,-21.12642901343368,3.5177235623499286,7.372878442359125,-5.972320536268399,31.86831091598323
Exp3_157,Forced,69.14634731515281,47.43032295414928,-11.15727466864255,22.383722605255436,-22.562816321420314,2.214772740568254,4.074300028752024,4.8385105994829445,-3.1949366729429713
Exp3_158,Forced,80.04323380674282,56.34640797431033,-10.148243351957547,8.420313536176277,-14.458485874296422,0.01796262296668405,-9.66711658395722,-0.25620389069246635,-25.900287487501085
Exp3_159,Forced,84.6506612918832,28.443099019523242,-12.74896341690443,10.06689774444833,-34.79674811624072,2.406651371772556,10.271388575659438,-7.687103110150354,-12.242404487968724
Exp3_16,Forced,89.17914101009579,11.739898423980515,-4.102960016889128,17.45310109229817,-44.30044217897745,-2.667338533448105,-2.227983080329686,6.108645153532006,-8.816409456292828
Exp3_160,Forced,83.24698621374094,82.80637689462066,-10.086210219139772,-13.55806174518618,-5.203859005083821,11.109288450329126,22.4702039121051,23.458846565370223,3.729181189234237
Exp3_161,Forced,74.88283311341227,42.121971725412465,-7.218189195633563,20.902234931347135,-24.31232703705119,6.217625957673507,-3.7709226994746023,-4.758586209731552,8.920997292349451
Exp3_162,Forced,79.00684372806435,36.553476273080996,-9.281972772360973,16.877595117191582,-24.267545158576926,-0.45897221537854094,7.836308868694187,1.4716571859835272,-5.1697283559491
Exp3_163,Forced,65.272871575361,39.155177548565725,-7.304088990587836,31.395236890053106,-8.91585008532978,4.576845934947253,8.020762529430321,-7.842847003371585,24.904377569673553
Exp3_164,Forced,66.78124596829674,52.48069667214595,-6.7364156859897335,21.202651095654534,-16.396425320218185,0.513520195075379,-4.435954184429891,2.0228974874474273,-18.11681993678784
Exp3_165,Forced,89.42080819130835,45.35628493042149,-2.5080096902826057,16.056381318203478,-42.56070534395697,2.420427998434449,5.912170936403072,-3.0125793256281335,7.124736568263465
Exp3_166,Forced,73.42409687524822,48.03622354013461,-6.525439663323688,32.45574441030795,-5.079324120719683,5.380294138547194,2.5327838602437165,-4.223472315038219,9.946220787660874
Exp3_167,Forced,82.61828260022266,37.22359604957168,-4.640636603576922,25.170512321967735,-22.22281950129215,2.766932300488272,-4.196332816126242,-4.813221636047466,-5.561507595855958
Exp3_168,Forced,76.68708921177303,43.88015530033244,-5.39249197666949,24.81864969955986,-31.165616513478383,1.278618334422756,2.141700318964869,-1.2245200292945682,5.901230899496868
Exp3_169,Forced,77.21234835203836,36.572319220110536,-5.940054575677728,24.48447624070796,-32.55524012555904,0.04011385437584747,-0.9254838298133063,0.7042624942781233,9.910896153589018
Exp3_17,Forced,85.77653163844786,23.97638377393351,-9.43008353028165,12.700736339877292,-30.442925729491407,0.8926435319369722,-5.058626017308015,2.5940737440355757,-6.88487110953957
Exp3_170,Forced,53.076644997330874,46.176089719702254,-19.704567352869454,7.604458747284207,1.4812358297195019,2.0304072822634116,-11.636839272515354,-5.571990478287254,-39.648968535088926
Exp3_171,Forced,64.88287703755893,51.609211745646725,-9.40274660638357,14.352541962795422,-16.852564825406965,-0.6748110013982935,10.365912061421119,-4.987930379118859,15.752884421997834
Exp3_172,Forced,69.80070235208817,39.450308866309314,-3.684686116222366,16.67313184378132,-13.838151538393554,0.6281934513752265,1.0380418736434187,3.220081773485309,8.31185113993465
Exp3_173,Forced,55.01537204567023,53.487037327651684,-4.776768238223497,5.661715228861477,12.17496520027128,1.0749147245456476,-0.314872283681801,-0.5046482748141213,-7.24256504073692
Exp3_174,Forced,79.0285959034864,38.40262529931893,-9.730907772594527,25.04279791410616,-32.12886151766404,2.853629484918517,-8.072684324836182,-6.8862442509810275,3.578719306926576
Exp3_175,Forced,87.52753083690132,18.903675139381235,-6.1111501461106315,16.15610518296648,-42.14310738483459,2.075039032504142,0.12429721064393995,-4.179010771326517,-8.461956815952625
Exp3_176,Forced,79.4331923903272,34.33297813083728,-13.110193330193894,18.72837914125315,-32.91299627017113,0.6204096393768825,-2.062407857134718,-1.3234913415941012,-3.1378560875088017
Exp3_177,Forced,55.418685811046345,52.33519093148918,3.022780938988628,5.0565857121686015,-2.0810732447728384,2.1270707379769433,1.1502792109501758,2.5014659962080192,9.600576532396621
Exp3_178,Forced,65.02545745459207,50.25360718244741,-5.038479421965107,29.09562990836801,-10.425932475442416,2.47899533922239,5.299129819556315,-0.7979939797393104,17.256677850763158
Exp3_179,Forced,67.98786301289365,47.82878140649215,-6.42333426598212,27.056264885718992,-14.719404625535965,1.5827963827790774,4.680545496877031,-1.6413079455525779,2.9890251010747257
Exp3_18,Forced,69.62965792816372,47.869481216669946,-10.876947843039993,27.73094148293383,-20.56581377728663,0.5387067326001794,0.33029339610351904,-0.015697163569338368,-7.0203331369143935
Exp3_180,Forced,67.84262803431056,48.537144416306376,-5.4787970640962005,14.37311163492082,-13.066274005260034,1.161256267291317,-4.527915901692621,-13.431835072199856,-2.2504989338026196
Exp3_181,Forced,73.09308601270143,39.70975089699075,-6.475588963214129,14.83548855363381,-21.02496885573545,2.313352119339201,1.8285778276691325,1.7076272043657217,-2.2920396143911077
Exp3_182,Forced,93.34144934298656,29.44840082838915,-8.614207496923257,8.065037289034983,-49.318628222770414,2.081125435959466,9.258412374397185,-2.855731878244508,-8.66997871525837
Exp3_183,Forced,74.90440037820174,24.734907414224303,-4.429561911126321,31.25292011397544,-32.00254721159223,2.990431285842754,-5.612942336171285,-4.297208260720866,-2.930010000487723
Exp3_184,Forced,67.49789085383557,34.99404829874076,-4.237568570512018,16.873198273826866,-10.427682377676966,4.090201369622928,6.623253136412735,1.7357529955335258,-5.730299342295909
Exp3_185,Forced,78.17709620096582,43.60870818921426,-8.085819672131997,18.16245559877819,-22.51634916540214,3.160446059679187,-0.5355549277427549,-5.594705644862739,-9.321654996155084
Exp3_186,Forced,78.35009901950664,26.422911694787047,-4.823240402796884,26.495856516347366,-33.138340001353356,0.9731473546597802,-0.26193796514896306,-0.9663806253943095,-1.7325282905226602
Exp3_187,Forced,74.74605380167918,30.973183661045617,-6.1546010636638115,29.032863824295003,-21.67183128674108,-0.219641282355318,-6.580922747783395,-2.7835382222608187,9.655599900548548
Exp3_188,Forced,52.997733708028505,52.680520145694665,0.09316402807072777,0.1570623912540792,-2.598990757357903,4.321024323452619,5.175622234934966,6.274755886301236,1.9615534178933292
Exp3_189,Forced,66.56465125335937,46.45915882403687,-4.8672766769043605,22.400751379041886,-24.989975692748068,-1.2363729247445048,-4.767122466368914,-0.8384376965859286,4.395611642336902
Exp3_19,Forced,58.84845725541882,49.75435109143644,-2.841901579269333,10.617134154502569,1.380861289400606,-0.8126857555621814,-5.223558351044087,0.4542085419468962,-0.719751845457099
Exp3_190,Forced,83.8825077104922,29.219016325995714,-11.05109304148666,17.00786282504658,-42.984877217825215,-1.3623082315338975,6.86855841106513,-2.3254384445479586,20.643532809571806
Exp3_191,Forced,71.43911658705223,43.82550427296106,-7.987339947316045,13.141968188597877,-17.682871927367373,6.22546102361139,-0.13663477995625062,-0.44386042660945213,-3.0420522685502607
Exp3_192,Forced,75.98067674741586,63.680444378131654,-0.9166459326170298,14.511793791859663,-2.6359587727347105,1.7127394880726208,-1.6046013841090243,1.9283585036758395,1.4009679697898392
Exp3_193,Forced,73.1141233544185,53.146590204986424,-12.568501749130206,17.940793122353185,-7.58552376276068,-2.7348464418419667,0.16054663960189242,5.7523439453193355,-2.9430316425771235
Exp3_194,Forced,68.61443584523627,63.75820507711725,-6.282659539218409,11.710087188200037,-9.186148284437351,8.827115272128017,11.844316994735955,5.5760467506580405,-11.662297445549344
Exp3_195,Forced,72.03236364356127,40.44656408411131,-4.757794028261522,16.782466664170038,-12.123843834033849,0.6939500400600107,-0.8170905895098066,-7.73771973145606,-4.3409291971148125
Exp3_196,Forced,62.93242738413615,46.694060862590774,-3.203634477728208,7.32305294828055,-3.285906191536874,30.887812486353152,-20.694865944274362,0.03473333667838516,12.961563925810482
Exp3_2,Forced,72.33116121474458,66.65494724234726,-8.385691826208305,9.399348490987201,5.663654635898467,-1.2312404646746242,-0.198678144433714,3.8488882822646637,12.68729517449664
Exp3_20,Forced,57.52103689575776,47.850561107132634,-5.027268787439098,4.735913731236302,-7.7869640884290625,1.833116058522687,1.2890884564575278,-2.588296192624635,4.015997087972044
Exp3_21,Forced,67.26758372470817,41.61671024989148,-3.5703711796324313,20.34343760992225,-19.089855113508307,1.6671605444182083,5.014786846187949,-7.714083201111228,-9.196321391823536
Exp3_22,Forced,70.2536705776759,37.63837297694309,-6.258804061140381,18.95743064987232,-21.36401723345186,-1.345619495494903,-2.126211449312503,2.6102244410549815,-2.8886542529220787
Exp3_23,Forced,74.0287035167972,32.92558573962344,-6.687173945013512,8.089827452915724,-32.21390394421826,-0.23975215360038038,2.039992900143054,-0.38703849384494715,8.71589987814316
Exp3_24,Forced,82.21220835606925,25.48748882045375,-9.481567290660998,17.745679920127102,-49.48546462015308,0.8088664077049543,1.2982058144768214,7.403605451779226,1.2324175405336182
Exp3_25,Forced,66.70566364813826,51.46026829195791,-1.8448926549796312,22.354624944628394,0.44397756848865555,-0.6208915911045683,-1.6508177691966974,4.1503598287228005,-16.111683661557475
Exp3_26,Forced,70.00514830516349,57.414884944650716,-5.694431884106294,14.628375970684186,-11.617716993036275,0.11721955199095468,0.8403016131660834,3.1926575514466187,-11.4572863184247
Exp3_27,Forced,89.10862047857309,23.72580665083023,-5.634960706490048,15.926745188245938,-29.56574869673621,-1.4643882559266506,1.2650797856077496,1.9569220468308117,3.6037835094878226
Exp3_28,Forced,77.9713791245515,26.031705902719974,-9.557996786435766,30.49019284594953,-32.525118717236126,2.221454137705268,-6.147205564696279,-2.3724181828429023,-3.7241880076111804
Exp3_29,Forced,60.2678459036104,58.57421745613548,-16.88812080095645,19.01633572146573,5.151139518729728,-0.08915823289709102,-2.431784207288133,-6.5572228131936905,22.25637167306342
Exp3_3,Forced,65.9132862418251,35.820715732692896,-1.8329206909220943,23.719895434943176,-16.233569912027765,1.481845960955856,4.3178857799345405,-2.583549598375406,3.648095718587168
Exp3_30,Forced,60.96578352010941,57.95103825332034,-2.3785238605745462,2.8472992931887844,-10.335483397225225,1.8526128938483917,5.156910208763412,-4.001294202977851,10.998736014437238
Exp3_31,Forced,81.47922016862958,26.558263989580183,-13.841981348398875,18.914963965325683,-32.14003396422076,0.15146858480727854,-8.668570878188422,3.8750975124184213,-4.588318236131405
Exp3_32,Forced,67.29379066232659,38.521116457909365,-3.745477345454603,24.02114547443605,-18.623323959755858,0.42760039612017753,2.0049765383527984,1.9064844719864116,0.04396366726228784
Exp3_33,Forced,63.10018275376769,45.57045879158831,-7.94161257894725,14.390959067080738,-12.715629642527876,5.304863008779252,4.8987469259431915,-1.6646770614607451,5.2197062787424535
Exp3_34,Forced,81.43085720835417,33.52064809706689,-6.56588982990268,27.3702371894657,-71.10406041970478,-3.193650956888828,-5.952864588110734,-1.7219999102801316,-16.879949587977435
Exp3_35,Forced,77.86649989536929,30.615380964458783,-5.92806591699226,31.781707073595406,-25.09594113518297,-0.5991152191540506,4.946097756267154,3.33766379544495,11.888570161505648
Exp3_36,Forced,68.87274301551444,40.54956200039744,-5.884374696788328,31.708282090100425,-21.382738112861635,1.5230724639568676,-6.036007701018537,1.5429323883038997,-6.1232918048644756
Exp3_37,Forced,73.93010916432934,33.491312084734794,-11.657146540564796,25.57527698029747,-35.3125326527432,-0.45723913491585,-2.5747360743920806,3.819102206708618,5.2469617841551734
Exp3_38,Forced,73.61384338852258,31.680539933911774,-6.700304437409201,24.66973724215292,-28.651997178347923,0.767418279630675,0.0953707178022345,4.63806461305513,-4.35089368533276
Exp3_39,Forced,53.02792628614533,40.411865108257835,-1.5502855407011964,18.410875994698685,-7.117190349506146,0.1091019601911365,8.54279096450125,1.3360866433960632,-1.0791334110059858
Exp3_4,Forced,62.769437468520636,47.661866251514425,-4.50021665316504,15.894532078169748,5.353688136894277,-1.4898991723961141,9.615922574192888,4.7747904383479085,28.993210130428988
Exp3_40,Forced,75.22087528076688,63.691930062681045,-5.098523996368897,21.815782185890598,-0.8652064079940303,-1.0321575523864557,-6.679503276374193,1.9402396689380268,-9.862338357575496
Exp3_41,Forced,73.71765728942589,57.95783648502841,-12.884735737541064,6.862375704500061,-7.893690759777705,0.6023677832420162,4.614093828350708,-0.8870138129260787,5.39156998400844
Exp3_42,Forced,88.82084859030918,11.130108429655238,-8.476199057799974,14.968905347629022,-13.823527496708472,1.3557835611407212,0.0737512900318853,-4.955575249875053,-16.66392770896606
Exp3_43,Forced,71.40478471065244,47.28950351602128,-9.140919262403607,16.922349514844743,-20.407383453734784,6.053814699264538,-1.561256201165797,-1.5863867512556307,-19.515528981105664
Exp3_44,Forced,83.1412572939206,64.90847073661268,-2.197732014820396,15.040410867989422,-23.677754255226752,2.408892701348338,3.6985488952895516,-2.3952191820486743,1.2175062661553788
Exp3_45,Forced,67.63851004957073,43.7243107121762,-2.5613411424998205,27.6769727122164,-11.557791308225234,-0.6634202770145885,-2.395651331613813,3.221649075862364,-3.110055812151434
Exp3_46,Forced,65.7232025199089,47.99671374320044,-15.175803900968745,19.588429654768948,-4.673536941691381,2.724520145604423,10.929942379633012,-3.4943737521728355,17.727097337688914
Exp3_47,Forced,71.43402241911203,31.725513414625468,-12.238599116773408,20.15070585430481,-37.531290870237044,3.336943356249825,-8.425961722843601,-4.073732082879104,-12.63252037158511
Exp3_48,Forced,61.383284023122755,55.04898068436586,-11.360203419881922,3.60366549244628,-9.829402876396365,8.787448866258961,3.5963035623851844,-8.0343500071133,-1.2398218498091333
Exp3_49,Forced,86.52557035634345,48.83672568876091,-11.8511656462519,13.592936238346997,-19.051990098486215,3.502976232884901,-3.3019764914118763,-6.2998878659349495,-52.32683416415106
Exp3_5,Forced,83.9047520610698,24.104320211178646,-5.527133827831165,24.308264643044968,-35.988095483407065,-1.5922491489055304,-6.33609689005352,2.283501636442316,14.563947483545626
Exp3_50,Replayed,77.66525405895831,62.366104332926604,-4.697014355408001,20.41201663208774,20.66697455726248,0.16612624891358285,-20.19359999109883,2.0728778398100003,-44.17694820443737
Exp3_51,Replayed,60.175779648282415,62.48589744421553,-0.18423840040765427,0.5409813058936884,2.837389488308247,0.22155381491685533,0.5971825876475538,2.397787318806464,3.7075491755539787
Exp3_52,Replayed,63.600388109450336,64.42742720345866,0.2865894924261241,25.2899806504913,-2.710800842388622,1.6525244656775544,-7.254107342540987,-6.733064202994397,-7.023861165919298
Exp3_53,Replayed,55.61173755772818,46.08849309370137,2.7735825290990093,13.35970893555599,5.929911339096989,0.4734396473370126,2.123647844379432,-3.342780580623857,9.804479955915236
Exp3_54,Replayed,74.27810630477492,52.38326206837542,-2.68214704450164,27.571908235406266,-12.542537429841957,4.295387747462991,5.426890362750978,-5.81324280023203,15.271131676436411
Exp3_55,Replayed,73.35335106907331,56.897701072365706,-0.34356135669516163,15.796730581561127,-6.59493093821267,2.2005829215214634,-2.0575462867917107,-0.5098158124211694,-7.861763978898203
Exp3_56,Replayed,87.40714716211714,15.452602458825208,-1.3496755069303146,26.531037235840877,-36.32713753169743,6.249627588223749,3.580394334870892,-15.714657766567496,24.060141981684467
Exp3_57,Replayed,66.34914043307809,52.75219855160387,-0.9976212245824883,23.16799386192012,0.6356042795036387,1.9428345842995074,0.5048551672182526,-2.1483787007593116,1.0063119152810351
Exp3_58,Replayed,52.55954679196847,52.061772376027584,-0.2664938774556376,1.0619754711965927,-0.0743068623345593,-0.04882871504504904,-0.11659830802297454,0.5009564702129523,-0.6202825892976227
Exp3_59,Replayed,75.3007588025479,61.41014405271836,-2.5085916262782604,18.418778142897853,-7.061369992900595,2.5095128720170363,-0.3352704197762808,-9.589673675922093,-10.284777057994752
Exp3_6,Forced,63.34961699458728,39.74582679749532,-2.5105217152066928,22.820560528844553,-22.546681598474475,0.14001886784535555,1.8367811608370843,-2.1268554387150758,6.251442308868695
Exp3_60,Replayed,62.75614718019528,47.051548334232386,-3.7672495123861474,21.941913733412346,-22.654100398430224,-0.4110807954574887,0.8574504877055753,-3.759134927175613,-4.383709903445234
Exp3_61,Replayed,62.18778005267219,51.21939505322042,-1.428544427252354,18.84487706738874,-7.211140207746105,0.43305427601461877,5.542483604332716,-4.858507126942028,-0.4325692525662843
Exp3_62,Replayed,56.378623640434476,55.11657521529424,-1.3437905561378614,4.620744528696312,-0.4598450535469194,-0.731956605647762,0.5776085107396725,-3.517868832508728,0.6100048948998706
Exp3_63,Replayed,68.8323763366255,45.77029250110469,-2.1110155065369245,25.36857104728228,-9.018782059213535,0.6442279360294547,-2.6919108094514526,-2.648057498966669,-5.121983860881311
Exp3_64,Replayed,90.37273903922217,11.238257464608465,-9.391897141920783,14.302749604963864,-73.03411068509988,0.33396233013004384,-13.531536407918265,-1.0715196144239831,-30.624376742899663
Exp3_65,Replayed,89.73444407529229,58.54517292178213,-5.227321106774816,14.364530386445622,-28.693356468406087,2.5717369822777916,2.032676408053831,-5.972844505815775,-0.14679056408113755
Exp3_66,Replayed,76.72652038065394,41.33196540354517,0.4976749038088979,26.529339949864845,-29.12212665438166,4.43271307169764,8.485354398781636,-8.908986290560634,-0.44634555048890634
Exp3_67,Replayed,78.85082145696394,48.67860196371017,-2.4540017339027322,23.590311312760146,-21.14453992209127,1.4980934968672983,-1.4669840549907516,3.729612942467616,-5.813279523909111
Exp3_68,Replayed,76.59285448989768,52.62896556696403,-1.8015963471231018,26.05792225567033,-12.285831513552438,1.5792019570201372,7.129997944447952,1.7000575489164924,-9.112705261069454
Exp3_69,Replayed,59.21737237847974,52.6898248817195,2.866746804862558,9.941664239957912,-6.7577242010420235,-0.9562964417347463,3.512980504951648,-0.6504495443142022,1.9342626816321329
Exp3_7,Forced,69.01781388349899,36.6580808505012,-2.7721196743776346,27.178283663671188,-17.20929397055209,3.1032588352975203,0.5063513275434826,4.225150732409157,1.4548713075883037
Exp3_70,Replayed,71.02784729357936,46.6420038992251,-3.017210220941603,17.24758932622048,-28.382347014868543,-1.9157191018803816,5.25059089626922,4.16104913840852,4.021436998926742
Exp3_71,Replayed,63.96441015551992,46.8681029843795,-1.2899220703226888,20.86912497842717,-1.6792732745537151,0.6564935513491925,0.6889371470145313,-8.1897059579921,-5.732817335848045
Exp3_72,Replayed,63.97462966124775,50.35892976927037,-0.9262755323970282,13.902063382708581,-8.416469398385182,0.668972946168415,2.3809764739553323,-1.1023796408822821,5.810530648845745
Exp3_73,Replayed,73.26558426027597,57.411225566608934,-3.3010097365121296,6.597211048511752,-9.525204346330803,3.983517535293624,-2.454884199924514,4.398396195367431,3.305595569515699
Exp3_74,Replayed,73.86414297921111,41.79372899884151,-2.8271200769222347,36.36676963681417,-20.444341757112355,1.8956746781931848,-5.129027251283836,-1.6416729109235615,-5.3388197594897
Exp3_75,Replayed,71.8394600238024,41.44938464212293,0.6778010939636303,11.239573719613233,-32.01999792517545,2.2795800162987874,2.92844589528284,0.882708518066959,5.871333044887035
Exp3_76,Replayed,71.70623295150793,52.14454948458572,-3.0999298213049045,22.546236309303683,-9.949627197922439,-0.9830100932227568,5.091516678437535,3.269919846028447,10.516493555470861
Exp3_77,Replayed,92.54630115723047,56.31693137267038,-0.7155016931944118,13.932447800281665,-31.053255352189176,1.5973826076062863,3.1950626021241995,-4.726682392553866,12.902473000188428
Exp3_78,Replayed,64.45375648779584,52.64219644473381,-5.629491211635559,26.553635427747004,4.315075396624955,1.689833329609136,5.548406203677322,5.654502858596817,29.584926674365725
Exp3_79,Replayed,58.58858252713293,54.874150733435,0.6513391314977994,-3.4520296990695987,-1.0376938525904116,1.2527518877820214,1.1178252014968493,2.254845450765839,2.684784345050499
Exp3_8,Forced,90.9343313787704,29.52052027740016,-7.349679001324617,7.680345215697287,-36.111059179609825,-0.347423763382368,-2.9393447089968143,0.26361946418208015,0.7002986738287822
Exp3_80,Replayed,66.92335287420887,26.85982652598124,1.0542656349327117,46.46396552865073,-13.03689318659719,-0.4983473418255393,1.062520093629799,-0.4662490447264705,-6.396225790277509
Exp3_81,Replayed,74.95522906208174,59.739330528592326,-1.8199983577681316,15.135423147732416,-23.91051894758605,-2.243724714029745,1.1985645252792203,5.8103779661201225,7.798987922090158
Exp3_82,Replayed,69.2732267718767,42.45061774513585,-1.7682466575580094,12.341400726667425,-9.987656301397273,3.3619645844406016,-1.0717355289464243,-2.428665219089419,-4.461720067594384
Exp3_83,Replayed,74.48841694389304,39.02281380904238,-6.065918880824505,22.040691993906833,-11.817277497715118,1.2766952818230357,11.158379818969703,-0.3604385114389159,20.006272923614237
Exp3_84,Replayed,80.43578861489206,55.44868875578087,-1.8934068040941412,22.952609847440367,-4.995881282184655,3.915836247730263,25.96869166758019,-6.539273013507526,10.979334180178821
Exp3_85,Replayed,89.81269620908236,35.73306865210872,-3.721533818272256,14.892132301352111,-63.631003827245436,1.0606428467596778,10.086686596403066,-0.6884318459359413,8.85695736568348
Exp3_86,Replayed,72.6040754526875,61.75318077715996,-1.2669036414187502,11.889607554126952,-13.425508192029454,0.6774339354718434,1.7746129932695744,0.670610201106411,7.754958718141534
Exp3_87,Replayed,81.94523630479725,47.302323329747395,-2.3244408142770085,19.04135323405912,-30.34754910567394,1.9843916535813202,-6.4863414378062,0.6198303346268847,-14.086289197163179
Exp3_88,Replayed,58.62681960852206,48.127402797532255,-1.8832814820951072,12.940806892301193,-6.851126228820014,1.5827976497199936,-3.6642786495808526,-1.5873101668154148,-11.656734252631871
Exp3_89,Replayed,84.63837992658577,24.686876960336665,-7.401951472852318,21.526291558680647,-35.425787319119564,-2.2474580343477437,7.06743395846744,6.450205201525161,39.42354901242683
Exp3_9,Forced,70.31567087400539,26.36767216166972,-4.984966098585225,9.64481075711455,-24.60020311620606,-5.774569361645663,5.815400041269071,7.2840027390615445,34.18238381172205
Exp3_90,Replayed,87.68900379161363,67.65523828395372,-6.6685308258824385,11.51564978950189,-18.98076096075546,2.497940692570133,3.2432406207696056,-4.6495178959226,1.086459643935343
Exp3_91,Replayed,74.70464491416749,41.32539918649958,-3.43648996858127,31.888512884044317,-16.946887213101817,1.7078658863202911,5.235411307694353,-0.666329865642648,6.110659178340246
Exp3_92,Replayed,58.10912742618881,48.50166428027502,-1.0964683550945722,19.07350969227613,-6.947561881339276,-1.4522471859838413,1.3968855363093482,-0.8208661084992772,2.165828012092275
Exp3_93,Replayed,74.33873753999163,56.40817718930988,-6.948897155744699,18.764363849966994,-27.394721734730695,0.4070427085663645,-2.725988211787204,5.507208265239292,11.252366579451934
Exp3_94,Replayed,75.4994385703165,50.541192748593026,-3.3252628455384325,25.618562485209313,2.3679993627335207,5.78816537919118,9.092385126325901,-3.966643986069034,-1.6166615197956542
Exp3_95,Replayed,77.5092877186856,30.706823754105837,-4.360074560369128,31.818701673872425,-42.812080933597855,-1.8857976717671088,-13.920006564442776,2.330392487738566,-38.07469197920839
Exp3_96,Replayed,67.58858962739167,40.839415094086284,-2.578497620034332,19.864883837478594,-18.44871352643368,-0.8259611158341075,3.6018542583713753,6.205696108632464,4.263108225503452
Exp3_97,Replayed,56.20251265692467,51.147801825020935,-2.961100923067093,5.149336329582651,-3.454348373532305,0.08355627418182221,2.8921695492547004,1.9216053011215832,0.014506154005821115
Exp3_98,Replayed,92.38407465752725,80.50501229609057,-1.7968507536200278,9.067770860171317,,-1.3099139948765064,1.8954952086489243,2.7288151137729235,
Exp3_99,Replayed,72.86583262546573,50.047908377861944,-5.836059376279536,20.126561261340882,0.40994906784522556,-3.5223086529421246,-1.4006149391021694,5.865627451005704,13.470639781330616
