participant,choiceType,incentive,beta0,beta1,n_coh
exp2_1,Observed,-1.0,3.483216783597433,2.904277116403362,3
exp2_1,Observed,0.0,5.0938586419161185,2.2759724199264704,3
exp2_1,Observed,1.0,3.7711822076349195,2.3950976367690715,3
exp2_10,Observed,-1.0,0.0010667546382907614,0.0006257054290854634,3
exp2_10,Observed,0.0,0.0010220994336939114,0.0005293193019076573,3
exp2_10,Observed,1.0,0.0010284928757373474,0.0005137709395161151,3
exp2_100,Free,-1.0,2.4329651946666155,2.670619440129926,3
exp2_100,Free,0.0,2.3997710664843823,2.4905173022741516,3
exp2_100,Free,1.0,2.2254888288174004,2.3175556269782933,3
exp2_101,Free,-1.0,1.2645486283108587,1.725256395086987,3
exp2_101,Free,0.0,0.8727019394335082,1.2215965997473528,3
exp2_101,Free,1.0,0.3421272452148913,0.5005633371238277,3
exp2_102,Free,-1.0,1.427670030070547,1.3230770692963216,3
exp2_102,Free,0.0,2.1859599943796284,1.8900409371705615,3
exp2_102,Free,1.0,1.773329670737776,1.5517978338683398,3
exp2_103,Free,-1.0,1.1427791425357383,1.3488161288858038,3
exp2_103,Free,0.0,0.8885191824683458,1.0382692331149799,3
exp2_103,Free,1.0,1.3534220127153995,1.5880512213163542,3
exp2_104,Free,-1.0,2.7830811146539625,2.667047149207781,3
exp2_104,Free,0.0,2.3547011331450025,2.295368401997307,3
exp2_104,Free,1.0,2.4513039709576976,1.9910295455275786,3
exp2_105,Free,-1.0,2.3725276156360597,1.3050092592749043,3
exp2_105,Free,0.0,2.511018405311598,1.3735307677437765,3
exp2_105,Free,1.0,1.6735098198199656,1.3858580253214223,3
exp2_106,Free,-1.0,3.377622689008528,2.404963741220481,3
exp2_106,Free,0.0,2.7560879999353225,2.6316354725486675,3
exp2_106,Free,1.0,2.99892448572608,2.593319565790584,3
exp2_107,Free,-1.0,3.37206421622306,1.584222179821409,3
exp2_107,Free,0.0,2.8603078400560116,0.9703101706962477,3
exp2_107,Free,1.0,3.9313036608114005,3.730633007475394,3
exp2_108,Free,-1.0,3.3341648884800597,2.5295522056560356,3
exp2_108,Free,0.0,3.1553267519452515,2.265822112163032,3
exp2_108,Free,1.0,3.1861137491331752,3.2012083598252756,3
exp2_109,Free,-1.0,4.133155257743502,3.8765276322996582,3
exp2_109,Free,0.0,3.0669828520694757,2.5334316469412714,3
exp2_109,Free,1.0,3.8717285075522065,4.38189211953799,3
exp2_11,Observed,-1.0,1.0556741616729262,1.1324459756143521,3
exp2_11,Observed,0.0,1.2561313707677022,1.4829063945781853,3
exp2_11,Observed,1.0,1.5244727235701994,1.8410601263513664,3
exp2_110,Free,-1.0,0.7892486359784406,1.0969102240207775,3
exp2_110,Free,0.0,1.0828681824800355,1.5265333004214308,3
exp2_110,Free,1.0,1.1298930996533323,1.5924911050376465,3
exp2_111,Free,-1.0,4.0790788592083205,3.001357176874399,3
exp2_111,Free,0.0,4.158144809508219,2.299426063715865,3
exp2_111,Free,1.0,3.6455075513522326,2.743330144680526,3
exp2_112,Free,-1.0,1.8359450941380449,1.3968411562411107,3
exp2_112,Free,0.0,1.99837649314513,1.8252127840826256,3
exp2_112,Free,1.0,1.7581248479454163,1.5957732352593081,3
exp2_113,Free,-1.0,1.3638265563384713,1.6748556390009595,3
exp2_113,Free,0.0,1.0789444438893678,1.258331817323193,3
exp2_113,Free,1.0,1.3334525203579584,1.529541087508061,3
exp2_114,Free,-1.0,1.363570728413041,1.1509034899139552,3
exp2_114,Free,0.0,2.0199746079471046,1.8519988286721438,3
exp2_114,Free,1.0,1.267078358689035,1.29476505488943,3
exp2_115,Free,-1.0,1.6563533028136423,2.1969115832544004,3
exp2_115,Free,0.0,1.5609280483958636,2.13259217283637,3
exp2_115,Free,1.0,1.2963235827999833,1.6465415273883282,3
exp2_116,Free,-1.0,2.271461163650904,0.8743394472070369,3
exp2_116,Free,0.0,2.0761516343532778,0.3382494935174881,3
exp2_116,Free,1.0,3.0306354862703895,0.2807148058988065,3
exp2_117,Free,-1.0,2.0873872292015,2.0107251024181636,3
exp2_117,Free,0.0,2.2205944174407426,1.9455454515652881,3
exp2_117,Free,1.0,1.5858094161804135,1.7453963022873016,3
exp2_118,Free,-1.0,2.963901351672999,1.7827615955139793,3
exp2_118,Free,0.0,2.4740158710422517,1.9172507612649385,3
exp2_118,Free,1.0,2.7112955071991913,1.5582174289129904,3
exp2_119,Free,-1.0,2.38800154793718,2.2790854045679088,3
exp2_119,Free,0.0,2.1084728101781502,1.8530495635737925,3
exp2_119,Free,1.0,2.9488873013957293,2.8374620102847232,3
exp2_12,Observed,-1.0,4.040542424807532,3.1413192519972672,3
exp2_12,Observed,0.0,3.7545926199063127,2.1133162179033533,3
exp2_12,Observed,1.0,4.521890736072411,2.9755284908878346,3
exp2_120,Free,-1.0,0.11924790743057974,0.07583261789657017,3
exp2_120,Free,0.0,0.16730912643356868,0.11147240890382897,3
exp2_120,Free,1.0,0.17290768029534992,0.1406765899823153,3
exp2_121,Free,-1.0,1.3735325799798574,1.7127909649836262,3
exp2_121,Free,0.0,1.0901511485140398,1.4114822647198881,3
exp2_121,Free,1.0,1.4242562236273848,1.7272739101122354,3
exp2_122,Free,-1.0,0.32264691676758,0.1422332489166374,3
exp2_122,Free,0.0,1.0904546382487836,1.1617579852884805,3
exp2_122,Free,1.0,2.698064386835883,2.26376715373136,3
exp2_123,Free,-1.0,0.04908230273880432,0.044186664988959005,3
exp2_123,Free,0.0,0.028461865288443782,0.02120313735423649,3
exp2_123,Free,1.0,0.03405309725781626,0.027777502833085412,3
exp2_124,Free,-1.0,1.4667165441353553,1.373168739684354,3
exp2_124,Free,0.0,1.5495799515711315,1.6818992427587154,3
exp2_124,Free,1.0,1.8933264910557943,1.9964992191784356,3
exp2_125,Free,-1.0,0.03652260303857765,0.02025504685816902,3
exp2_125,Free,0.0,0.05049154059227748,0.040977997724255956,3
exp2_125,Free,1.0,0.03481174402495638,0.018314971103172546,3
exp2_126,Free,-1.0,2.719564038974463,2.18290311709941,3
exp2_126,Free,0.0,3.167936915437469,2.4725239712418006,3
exp2_126,Free,1.0,2.965575906701254,1.797736046396091,3
exp2_127,Free,-1.0,1.2010336421631067,1.4338026839834421,3
exp2_127,Free,0.0,2.3394514581365984,2.8338170802771736,3
exp2_127,Free,1.0,1.7782715044526243,2.266627472979206,3
exp2_128,Free,-1.0,1.1352300764324654,1.184647534586579,3
exp2_128,Free,0.0,1.1463984606079607,1.328161182597156,3
exp2_128,Free,1.0,1.6919526766202613,2.0274353476553,3
exp2_129,Free,-1.0,1.9172052526923098,1.8283689075812124,3
exp2_129,Free,0.0,2.006374173317752,1.3318398887899383,3
exp2_129,Free,1.0,2.1118664096336,1.3030102463206827,3
exp2_13,Observed,-1.0,3.687114730874481,2.044456652459445,3
exp2_13,Observed,0.0,4.921580424563739,4.712846327950051,3
exp2_13,Observed,1.0,3.4920807624902825,2.84476134055371,3
exp2_130,Free,-1.0,2.6126339300787444,2.1835587076126304,3
exp2_130,Free,0.0,2.697668606977148,2.2328211911666727,3
exp2_130,Free,1.0,2.266110125017578,2.3831348520192397,3
exp2_131,Free,-1.0,2.29314168096859,2.16986840364594,3
exp2_131,Free,0.0,2.177719583506529,2.010251365922952,3
exp2_131,Free,1.0,2.582393038802848,2.3588103578029678,3
exp2_132,Free,-1.0,1.305735409503222,1.521383124438178,3
exp2_132,Free,0.0,1.1114071038688937,1.2039494084589448,3
exp2_132,Free,1.0,1.385156129693693,1.6639110049855637,3
exp2_133,Free,-1.0,1.790107419637121,2.2360133262263893,3
exp2_133,Free,0.0,1.7782146327091837,2.2988732578552296,3
exp2_133,Free,1.0,1.8134121911444054,2.4093745097917307,3
exp2_134,Free,-1.0,1.4426280386846655,1.698722471863029,3
exp2_134,Free,0.0,1.830434233224986,2.050380004371004,3
exp2_134,Free,1.0,1.0343636551714257,1.141904157629712,3
exp2_135,Free,-1.0,3.5666527662365,2.466835361712205,3
exp2_135,Free,0.0,2.4836295046010664,1.7000026125954786,3
exp2_135,Free,1.0,3.469841232467087,2.4393842779332005,3
exp2_136,Free,-1.0,2.0921257284629338,2.1958238061669144,3
exp2_136,Free,0.0,2.611130332354245,2.0620701272076976,3
exp2_136,Free,1.0,1.717276189135005,2.133173070210711,3
exp2_137,Free,-1.0,1.272548516016834,1.485766453601455,3
exp2_137,Free,0.0,1.267255498238842,1.5219407488175394,3
exp2_137,Free,1.0,1.4123000862703106,1.7109773704380724,3
exp2_138,Free,-1.0,0.4018941387936606,0.38961377697501476,3
exp2_138,Free,0.0,0.6386689442447269,0.7439867564725156,3
exp2_138,Free,1.0,0.4072149287052102,0.4319465524136906,3
exp2_139,Free,-1.0,3.707594957525667,2.5802793557588513,3
exp2_139,Free,0.0,2.717295390519394,2.3295421763016098,3
exp2_139,Free,1.0,5.263455386947859,4.846585494641402,3
exp2_14,Observed,-1.0,3.6480479024324435,2.317188113070275,3
exp2_14,Observed,0.0,3.4800022425551718,1.8876046826864967,3
exp2_14,Observed,1.0,3.8116034967807906,2.596271646742096,3
exp2_140,Free,-1.0,3.852151434229035,1.9384117980564277,3
exp2_140,Free,0.0,5.385366790804561,3.5899885490393864,3
exp2_140,Free,1.0,2.779736055043854,2.578746141217699,3
exp2_141,Free,-1.0,1.8801458463855496,2.3858916054123873,3
exp2_141,Free,0.0,1.7522710358139117,1.8043299728970372,3
exp2_141,Free,1.0,1.6073171334626832,2.0808772913704177,3
exp2_142,Free,-1.0,1.2298787454388505,1.6232235592827413,3
exp2_142,Free,0.0,1.3022724780213946,1.732372194889385,3
exp2_142,Free,1.0,1.204644326614908,1.6257469928961532,3
exp2_143,Free,-1.0,2.5904542414772767,2.655842913036685,3
exp2_143,Free,0.0,2.79018488286085,1.4572156146283501,3
exp2_143,Free,1.0,2.831108274943216,2.4149202141717323,3
exp2_144,Free,-1.0,1.2664340405651149,0.9529814346402087,3
exp2_144,Free,0.0,1.8704543573009806,2.0044819953633364,3
exp2_144,Free,1.0,2.9168108608552115,2.316203896435251,3
exp2_145,Free,-1.0,1.6682278262504,2.0876540676916657,3
exp2_145,Free,0.0,1.8219285116063817,2.2838406436267906,3
exp2_145,Free,1.0,2.0192350685181806,2.7324782001817347,3
exp2_146,Free,-1.0,0.6036789439230503,0.46050143167293367,3
exp2_146,Free,0.0,0.739906414079715,0.46912992516235213,3
exp2_146,Free,1.0,0.5984786466858041,0.4902666674857803,3
exp2_147,Free,-1.0,0.25826427371778704,0.2680471084441032,3
exp2_147,Free,0.0,0.2606291212285605,0.26031682186063587,3
exp2_147,Free,1.0,0.4115843928713249,0.5023393897415966,3
exp2_148,Observed,-1.0,1.600840964862507,1.716925520533408,3
exp2_148,Observed,0.0,1.6605748702668803,1.9591946112568894,3
exp2_148,Observed,1.0,1.3263124337551637,1.5002956599680315,3
exp2_149,Observed,-1.0,1.0577659818977831,1.035523807322199,3
exp2_149,Observed,0.0,0.8106911839778715,0.8471079645962659,3
exp2_149,Observed,1.0,1.6233958103016026,1.5260519076877563,3
exp2_15,Observed,-1.0,0.04643000544187464,0.015559350383839774,3
exp2_15,Observed,0.0,0.03208926403579822,0.007981576324869996,3
exp2_15,Observed,1.0,0.042327783605425884,0.01844952077555524,3
exp2_150,Observed,-1.0,2.8759746201049996,2.4945595367352156,3
exp2_150,Observed,0.0,2.621512926902625,2.7339575034549934,3
exp2_150,Observed,1.0,1.6703662055501307,1.8007396323227682,3
exp2_151,Observed,-1.0,4.203716401456072,3.575210339677356,3
exp2_151,Observed,0.0,6.135004739071579,3.1151965828171244,3
exp2_151,Observed,1.0,5.132342824114064,2.587020985162777,3
exp2_152,Observed,-1.0,2.9020011382925484,2.616924344947135,3
exp2_152,Observed,0.0,2.849829703897846,2.496074501300307,3
exp2_152,Observed,1.0,2.972103495627288,2.365709187932423,3
exp2_153,Observed,-1.0,0.7371967678696224,0.5696413922934819,3
exp2_153,Observed,0.0,0.2227600228742865,0.056084625545892726,3
exp2_153,Observed,1.0,0.4406352796631515,0.25294544625064225,3
exp2_154,Observed,-1.0,2.891306607260493,2.2729061100791332,3
exp2_154,Observed,0.0,2.825783889974916,1.6394226830094547,3
exp2_154,Observed,1.0,1.7594863062701933,1.7724172130510967,3
exp2_155,Observed,-1.0,1.7554957218517104,2.2185509023737655,3
exp2_155,Observed,0.0,1.2544967691165345,1.6112786767340141,3
exp2_155,Observed,1.0,1.3763089648578448,1.6836215949530946,3
exp2_156,Observed,-1.0,5.176543911216505,1.921703420293287,3
exp2_156,Observed,0.0,5.0960583700577535,1.3821218944106881,3
exp2_156,Observed,1.0,7.497061621801969,3.138846715739288,3
exp2_157,Observed,-1.0,3.2752661968299264,2.0218902418764486,3
exp2_157,Observed,0.0,3.318678510466318,2.099878838016729,3
exp2_157,Observed,1.0,2.4518903936166816,2.2632488854167883,3
exp2_158,Observed,-1.0,7.054834708712991,4.283654259721198,3
exp2_158,Observed,0.0,5.4114375651198605,3.4299864076140105,3
exp2_158,Observed,1.0,6.72111845246739,2.680430995948244,3
exp2_159,Observed,-1.0,1.5976028611959354,1.1496883408786371,3
exp2_159,Observed,0.0,1.988022172348152,0.8415292116941877,3
exp2_159,Observed,1.0,2.373890083464142,1.9190452193492356,3
exp2_16,Observed,-1.0,1.4355299175724234,1.7793530755196083,3
exp2_16,Observed,0.0,1.3271006598363855,1.7253360151031663,3
exp2_16,Observed,1.0,1.6889187523796225,2.1058486336154685,3
exp2_160,Observed,-1.0,5.6546346132671985,3.9167495745637533,3
exp2_160,Observed,0.0,7.491339368155109,3.1212568601192365,3
exp2_160,Observed,1.0,5.50885593225961,2.9254341530242858,3
exp2_161,Observed,-1.0,1.8580656985237876,2.222140047097087,3
exp2_161,Observed,0.0,1.8672215672162011,1.9060347831313083,3
exp2_161,Observed,1.0,1.3449353210777517,1.6527283981715766,3
exp2_162,Observed,-1.0,1.9973258991982354,1.2853463987870637,3
exp2_162,Observed,0.0,2.1655501659518057,1.6660951897036869,3
exp2_162,Observed,1.0,1.7062696875464718,1.0728098102501717,3
exp2_163,Observed,-1.0,0.09591027235849864,0.12668551666273573,3
exp2_163,Observed,0.0,0.11589486194972172,0.14904363897503542,3
exp2_163,Observed,1.0,0.10721473545059848,0.1405939297376145,3
exp2_164,Observed,-1.0,1.5837433760951773,1.483213648642032,3
exp2_164,Observed,0.0,2.4687246217034136,2.915335191043207,3
exp2_164,Observed,1.0,1.4865483563011959,1.576568649639579,3
exp2_165,Observed,-1.0,3.6909083354589396,2.810580699286867,3
exp2_165,Observed,0.0,2.53524148036326,2.9064113338304693,3
exp2_165,Observed,1.0,3.6929051687854586,2.9533716868065154,3
exp2_166,Observed,-1.0,1.4489718551362698,1.6324459740727544,3
exp2_166,Observed,0.0,1.4909775577703088,1.9177731719971596,3
exp2_166,Observed,1.0,1.2105907698348348,1.440020532695788,3
exp2_167,Observed,-1.0,1.1018076924875668,0.8676672898119058,3
exp2_167,Observed,0.0,1.1244486070952964,0.7883608670243707,3
exp2_167,Observed,1.0,1.212906922269568,1.0550132110425325,3
exp2_168,Observed,-1.0,2.4504565035674295,2.2823172662058897,3
exp2_168,Observed,0.0,2.5359640302849358,1.7362947735392784,3
exp2_168,Observed,1.0,2.6343447627112346,1.9657547204983223,3
exp2_169,Observed,-1.0,1.470025435820606,1.7474000199057744,3
exp2_169,Observed,0.0,1.045977752267194,1.2646709049152989,3
exp2_169,Observed,1.0,1.1815422155120165,1.4850956014388677,3
exp2_17,Observed,-1.0,0.008661347239854294,0.006638673140881929,3
exp2_17,Observed,0.0,0.009604585403899359,0.0068469280272593054,3
exp2_17,Observed,1.0,0.006982568437854699,0.00502711399075553,3
exp2_170,Observed,-1.0,1.5595638832224419,1.752102951416051,3
exp2_170,Observed,0.0,1.0610618679683226,1.0782955147938633,3
exp2_170,Observed,1.0,1.4966976446967546,1.5107690119430908,3
exp2_171,Observed,-1.0,3.560132933509577,1.9960466655194042,3
exp2_171,Observed,0.0,3.667592990845185,2.502596069402162,3
exp2_171,Observed,1.0,4.1354513068966465,2.0914232160211146,3
exp2_172,Observed,-1.0,3.234871491382708,1.6837265947363078,3
exp2_172,Observed,0.0,2.355191014200508,1.748664753102223,3
exp2_172,Observed,1.0,3.8870109153769667,2.128012887933551,3
exp2_173,Observed,-1.0,1.62090388374434,1.5147149819711008,3
exp2_173,Observed,0.0,1.8041754118500095,1.9314158750447676,3
exp2_173,Observed,1.0,2.193547808604606,0.9842310438461329,3
exp2_174,Observed,-1.0,1.681324621804174,1.6256363593096352,3
exp2_174,Observed,0.0,1.719168759521431,2.0397988094758093,3
exp2_174,Observed,1.0,1.6062239342212745,1.3533175513171258,3
exp2_175,Observed,-1.0,3.034118398632928,1.9260126260794665,3
exp2_175,Observed,0.0,2.2509502626357722,1.5991990060697694,3
exp2_175,Observed,1.0,2.984086897084528,2.0207425168079456,3
exp2_176,Observed,-1.0,1.50108791556994,1.673376532393679,3
exp2_176,Observed,0.0,1.4218952045323918,1.458615898495535,3
exp2_176,Observed,1.0,1.7776351282061076,1.8527829581426956,3
exp2_177,Observed,-1.0,1.3846530269340072,1.6115825831321728,3
exp2_177,Observed,0.0,1.1376886784060294,1.336607391745815,3
exp2_177,Observed,1.0,1.3937842787824797,1.7029867988335732,3
exp2_178,Observed,-1.0,6.721743734085814,3.244737485579975,3
exp2_178,Observed,0.0,7.096949066907757,3.373450965816571,3
exp2_178,Observed,1.0,7.545933276417729,3.808798691666569,3
exp2_179,Observed,-1.0,2.2459576469278213,1.6620867904223768,3
exp2_179,Observed,0.0,1.8802755206351571,1.7138492858178223,3
exp2_179,Observed,1.0,1.8335770816147539,1.584287663418163,3
exp2_18,Free,-1.0,1.3500522442280278,1.4844731153158526,3
exp2_18,Free,0.0,1.995336236185892,2.731910800225999,3
exp2_18,Free,1.0,1.585392221417926,1.7855950111929617,3
exp2_180,Observed,-1.0,4.4448187995875585,1.992558271176552,3
exp2_180,Observed,0.0,5.758521180058066,4.25398916881171,3
exp2_180,Observed,1.0,6.482650469638127,4.363977735991769,3
exp2_181,Observed,-1.0,1.2892445357499673,1.123078566621389,3
exp2_181,Observed,0.0,1.2754878460380614,1.5022664291555863,3
exp2_181,Observed,1.0,1.4911291851135686,1.2787475147197354,3
exp2_182,Observed,-1.0,1.7619318629466,1.986961855102149,3
exp2_182,Observed,0.0,1.1022207619430002,1.1331679162600252,3
exp2_182,Observed,1.0,1.140389074699751,1.2396362270608297,3
exp2_183,Observed,-1.0,3.1952281115410472,2.4816835497259357,3
exp2_183,Observed,0.0,2.89071532068052,2.4510935396707247,3
exp2_183,Observed,1.0,3.002777680363461,2.3108395240679367,3
exp2_184,Observed,-1.0,2.361807508317854,2.5194291563334597,3
exp2_184,Observed,0.0,2.1350020531435163,2.168792203188212,3
exp2_184,Observed,1.0,2.6373108576291178,2.20385140706533,3
exp2_185,Observed,-1.0,3.4678229998111023,3.9087199376203796,3
exp2_185,Observed,0.0,3.6453439895343003,2.106644859318202,3
exp2_185,Observed,1.0,3.986505740510157,4.879783888192787,3
exp2_186,Observed,-1.0,1.6611488209978558,2.0672510653920804,3
exp2_186,Observed,0.0,1.502722015803679,1.7224595241890384,3
exp2_186,Observed,1.0,1.1884956107204743,1.565704572324209,3
exp2_187,Observed,-1.0,2.3014672875015525,1.9186190103830036,3
exp2_187,Observed,0.0,2.383179799276851,2.056003236555556,3
exp2_187,Observed,1.0,3.441967623622961,2.033473712065331,3
exp2_188,Observed,-1.0,4.102970556934544,3.560821956069373,3
exp2_188,Observed,0.0,3.0463411004341117,2.3737593366393224,3
exp2_188,Observed,1.0,4.315889548273549,4.75933084180872,3
exp2_189,Observed,-1.0,0.5130050758799963,0.5758176636835335,3
exp2_189,Observed,0.0,0.37422360196444343,0.3993269283249681,3
exp2_189,Observed,1.0,0.32848290673599584,0.35802381642048925,3
exp2_19,Observed,-1.0,0.2365643397161541,0.19395637005288247,3
exp2_19,Observed,0.0,0.2880787054604446,0.265033423563593,3
exp2_19,Observed,1.0,0.16422921094425025,0.13458734058682126,3
exp2_190,Observed,-1.0,0.9528517573030448,1.0333063367725437,3
exp2_190,Observed,0.0,1.4119190618591058,1.7258655422688638,3
exp2_190,Observed,1.0,1.5516334248056662,1.7304888215504401,3
exp2_191,Observed,-1.0,3.0641434631393545,1.8819147048836493,3
exp2_191,Observed,0.0,3.6755974256471666,2.442393974595396,3
exp2_191,Observed,1.0,3.0528414252979035,3.025000109738479,3
exp2_192,Observed,-1.0,0.009160148737407224,0.004426055209341215,3
exp2_192,Observed,0.0,0.009189130664480419,0.004206996110635721,3
exp2_192,Observed,1.0,0.008053756743032516,0.003016995013113362,3
exp2_193,Observed,-1.0,5.6187261935929405,3.5139299887975013,3
exp2_193,Observed,0.0,5.163688757731636,4.206881884049018,3
exp2_193,Observed,1.0,3.8373125401488437,2.1982010423615326,3
exp2_194,Observed,-1.0,0.014528227834839084,0.006462104238054997,3
exp2_194,Observed,0.0,0.013319141688342103,0.004309927892447279,3
exp2_194,Observed,1.0,0.013497444942921285,0.005128921707686618,3
exp2_195,Observed,-1.0,0.6189146325999539,0.6382190000555611,3
exp2_195,Observed,0.0,0.5531793109221527,0.5989484525423681,3
exp2_195,Observed,1.0,1.234593149025606,1.5166500981683748,3
exp2_196,Observed,-1.0,0.05834598319972303,0.04233280715164653,3
exp2_196,Observed,0.0,0.0425366685957251,0.028446398406363666,3
exp2_196,Observed,1.0,0.0735346043855845,0.06877330091281991,3
exp2_197,Observed,-1.0,0.388682715650325,0.3482098041434511,3
exp2_197,Observed,0.0,0.6845061895990684,0.8070506877335197,3
exp2_197,Observed,1.0,0.6002852139044598,0.5764055060816718,3
exp2_2,Observed,-1.0,2.0826748688050505,1.5811821054466788,3
exp2_2,Observed,0.0,2.957478385429594,1.6176913290585107,3
exp2_2,Observed,1.0,2.1070505449207446,1.640373917132148,3
exp2_20,Free,-1.0,2.717440594406545,2.993662601701683,3
exp2_20,Free,0.0,2.6177490184242695,3.1198646589839845,3
exp2_20,Free,1.0,2.1902558906684617,2.2671802181414678,3
exp2_21,Observed,-1.0,1.443358999006288,1.5093797328646748,3
exp2_21,Observed,0.0,1.2761278873523985,1.4534363932183685,3
exp2_21,Observed,1.0,1.9115264528351548,1.506413210675615,3
exp2_22,Free,-1.0,1.4220652276007528,1.4302682669693498,3
exp2_22,Free,0.0,1.90313028666476,2.0493571844399696,3
exp2_22,Free,1.0,1.9729895293740165,1.9037658461761076,3
exp2_23,Observed,-1.0,3.6035581173828017,3.1345443448413657,3
exp2_23,Observed,0.0,3.1463208261053652,3.2811232933105354,3
exp2_23,Observed,1.0,2.3062630799034296,2.484718850234146,3
exp2_24,Observed,-1.0,0.02960080373022339,0.030842284494821383,3
exp2_24,Observed,0.0,0.02797989025393341,0.029545162480014847,3
exp2_24,Observed,1.0,0.03045786008537254,0.031174843671388657,3
exp2_25,Free,-1.0,1.4377826009331278,1.2855951480590044,3
exp2_25,Free,0.0,1.072621719749808,0.8193428984102509,3
exp2_25,Free,1.0,2.5922091360150605,1.8786290821780638,3
exp2_26,Observed,-1.0,3.8353435848587463,1.1014175844889424,3
exp2_26,Observed,0.0,3.852195560635912,1.314171838504231,3
exp2_26,Observed,1.0,3.9509655092595883,1.1431783191682112,3
exp2_27,Free,-1.0,1.7872141664127472,2.17081171801013,3
exp2_27,Free,0.0,1.2515128953687715,1.5464895963747418,3
exp2_27,Free,1.0,2.4920823915893973,2.501637368413733,3
exp2_28,Observed,-1.0,1.510323902498184,1.8352573159359415,3
exp2_28,Observed,0.0,1.482592843372947,1.9388998423085224,3
exp2_28,Observed,1.0,1.470355543139379,1.8416299214856506,3
exp2_29,Observed,-1.0,4.1447803399827,1.4614724811578,3
exp2_29,Observed,0.0,3.771499551581216,1.7711343390860335,3
exp2_29,Observed,1.0,4.0963528542749925,1.6093180428187635,3
exp2_3,Free,-1.0,0.8907967330731374,0.851848244656798,3
exp2_3,Free,0.0,0.5158379482136599,0.43799934569921267,3
exp2_3,Free,1.0,1.029994661006095,1.1076952663820505,3
exp2_30,Free,-1.0,0.8129275717009949,1.0075013107859851,3
exp2_30,Free,0.0,0.47434496335524634,0.5809314481427099,3
exp2_30,Free,1.0,0.8059260846894865,0.9987088032565634,3
exp2_31,Free,-1.0,0.6781877843979396,0.6879315285306905,3
exp2_31,Free,0.0,1.228392836790456,1.4934632690368448,3
exp2_31,Free,1.0,0.4297536276104279,0.36681326891845195,3
exp2_32,Free,-1.0,1.2161721756114656,1.175431047208868,3
exp2_32,Free,0.0,2.1858856032945058,1.9248854409144527,3
exp2_32,Free,1.0,2.178266628469509,2.4018487218336486,3
exp2_33,Free,-1.0,0.02608928558939749,0.020916241825551317,3
exp2_33,Free,0.0,0.017704137602524775,0.011923807339231157,3
exp2_33,Free,1.0,0.026888504594795363,0.022408277781823676,3
exp2_34,Free,-1.0,2.371009809652243,2.046787811692555,3
exp2_34,Free,0.0,2.224867249025338,2.232324433952255,3
exp2_34,Free,1.0,2.548629788228786,2.2554910178447116,3
exp2_35,Observed,-1.0,2.242699125164352,1.8493183296451345,3
exp2_35,Observed,0.0,2.729845412423311,1.9965268917172185,3
exp2_35,Observed,1.0,3.248353680127431,2.1999222164334196,3
exp2_36,Observed,-1.0,0.9197518542414401,1.057916299676206,3
exp2_36,Observed,0.0,0.8489381601847805,0.994468454465792,3
exp2_36,Observed,1.0,0.8260321461635921,0.9945413501439205,3
exp2_37,Free,-1.0,2.6372217549676713,2.2775982888113986,3
exp2_37,Free,0.0,2.553028260298332,2.2286402969641776,3
exp2_37,Free,1.0,2.299407348395401,2.0973450392119886,3
exp2_38,Observed,-1.0,2.002357463493141,1.5185201504997274,3
exp2_38,Observed,0.0,1.2182491390456647,1.0179430698510012,3
exp2_38,Observed,1.0,1.8347177469972047,1.6704686019029535,3
exp2_39,Observed,-1.0,3.0469914391213244,2.5251515823565303,3
exp2_39,Observed,0.0,2.9411775069175037,2.1239841820727574,3
exp2_39,Observed,1.0,3.5278400569559336,2.6137645076375384,3
exp2_4,Free,-1.0,2.4354038527549213,1.8136627802873795,3
exp2_4,Free,0.0,1.9935766626631495,1.3754842186557075,3
exp2_4,Free,1.0,2.314407113132722,1.579084495318561,3
exp2_40,Observed,-1.0,2.7705062331418646,2.673714404186061,3
exp2_40,Observed,0.0,2.5551828213360275,2.33739159533128,3
exp2_40,Observed,1.0,2.84989229565951,2.836896662285864,3
exp2_41,Observed,-1.0,1.1657430770580068,1.3603001638964494,3
exp2_41,Observed,0.0,1.2747264899929713,1.4960595191260768,3
exp2_41,Observed,1.0,1.3613000781789695,1.726942474691364,3
exp2_42,Observed,-1.0,0.01524398913378858,0.0063389530193387915,3
exp2_42,Observed,0.0,0.013840707809047673,0.005432459199060522,3
exp2_42,Observed,1.0,0.014743210159618087,0.0052210221044959775,3
exp2_43,Free,-1.0,2.3796236922884946,1.9275000282602308,3
exp2_43,Free,0.0,2.8390085442934234,1.6127280488827351,3
exp2_43,Free,1.0,1.5126192937056147,1.549748760087453,3
exp2_44,Free,-1.0,0.7690840506132895,0.7851150527688131,3
exp2_44,Free,0.0,1.0082013731103874,1.186897701392902,3
exp2_44,Free,1.0,1.2890961420551836,1.43240604960838,3
exp2_45,Free,-1.0,4.994001669652126,3.4752465803965955,3
exp2_45,Free,0.0,2.869309104682184,2.2360794497544334,3
exp2_45,Free,1.0,4.387440527096918,1.8754624808815832,3
exp2_46,Observed,-1.0,3.158764466672354,0.9367802947752896,3
exp2_46,Observed,0.0,4.0821059977398075,1.3987968506692612,3
exp2_46,Observed,1.0,3.018741717486804,1.1350930859709976,3
exp2_47,Free,-1.0,0.6079595098360853,0.6875317279130211,3
exp2_47,Free,0.0,0.5052920451856939,0.5767083635014144,3
exp2_47,Free,1.0,0.5335029568903131,0.5460937273494437,3
exp2_48,Free,-1.0,3.0973906017418344,2.6246544918541033,3
exp2_48,Free,0.0,3.568495268082714,2.3869834090706465,3
exp2_48,Free,1.0,3.4797031417055893,2.2676787951429147,3
exp2_49,Observed,-1.0,2.980475182263091,1.8161266535310279,3
exp2_49,Observed,0.0,1.8685463129666318,1.3944795333370574,3
exp2_49,Observed,1.0,2.015454478996967,1.7407480228109122,3
exp2_5,Observed,-1.0,4.834373269141964,3.9635956485097883,3
exp2_5,Observed,0.0,5.406650117016683,4.634531201287354,3
exp2_5,Observed,1.0,4.779682395744394,3.789170688185001,3
exp2_50,Free,-1.0,1.0504714564799704,1.2322666681596162,3
exp2_50,Free,0.0,0.7513849453694355,0.901083625102789,3
exp2_50,Free,1.0,1.2847591538369891,1.5990850009269273,3
exp2_51,Observed,-1.0,2.0640512732235248,1.689929247672808,3
exp2_51,Observed,0.0,1.8770307193370117,1.893974719712098,3
exp2_51,Observed,1.0,2.856170231183187,1.8498575189460944,3
exp2_52,Observed,-1.0,0.90370492303435,0.9855507174181374,3
exp2_52,Observed,0.0,0.9360323453728894,1.143770628867794,3
exp2_52,Observed,1.0,1.0220552511357608,1.176861126309506,3
exp2_53,Free,-1.0,3.077025014436321,2.4952154757002063,3
exp2_53,Free,0.0,2.9925336406072423,2.9207049372554925,3
exp2_53,Free,1.0,3.4087334824886373,3.793152712273348,3
exp2_54,Observed,-1.0,2.7573278005463484,1.6884840537940224,3
exp2_54,Observed,0.0,3.8756505809235557,3.3375674999270353,3
exp2_54,Observed,1.0,3.3788165634258602,1.6929400271876511,3
exp2_55,Free,-1.0,3.8014969103719602,2.0286042517808553,3
exp2_55,Free,0.0,5.910664056980904,4.017090926138787,3
exp2_55,Free,1.0,3.433073219127506,1.4709708115256876,3
exp2_56,Free,-1.0,0.010442250220397504,-0.0009065256758820127,3
exp2_56,Free,0.0,0.008971433346683362,-0.0010868762563194696,3
exp2_56,Free,1.0,0.010656244977891709,-0.0006641999910817168,3
exp2_57,Observed,-1.0,0.7139273269199699,0.85591496705419,3
exp2_57,Observed,0.0,1.4226480496269023,1.8699953537922875,3
exp2_57,Observed,1.0,1.4635496931996554,1.925306026576031,3
exp2_58,Free,-1.0,5.047195498725791,3.0240484331253663,3
exp2_58,Free,0.0,5.07516314169276,3.4915047111805593,3
exp2_58,Free,1.0,6.102931082165441,4.2700385188281595,3
exp2_59,Free,-1.0,1.7715907373179154,2.2738207818608576,3
exp2_59,Free,0.0,1.4989643303923366,1.8499947802917238,3
exp2_59,Free,1.0,1.801885816288725,2.402356671245463,3
exp2_6,Free,-1.0,1.6626903910359603,1.3892416115972106,3
exp2_6,Free,0.0,2.1805030299992234,2.033518103429666,3
exp2_6,Free,1.0,2.6192104867081603,2.8289000032737195,3
exp2_60,Observed,-1.0,1.451208217701099,1.8454346777228046,3
exp2_60,Observed,0.0,1.1708140543780952,1.4964402146180757,3
exp2_60,Observed,1.0,1.238598183993012,1.5059229960007072,3
exp2_61,Free,-1.0,0.16231199795640422,0.29702891538928067,3
exp2_61,Free,0.0,0.6486487761824179,0.9997902366398114,3
exp2_61,Free,1.0,0.6525243275177407,0.9851783037520248,3
exp2_62,Free,-1.0,0.4507031748861263,0.45719617216644304,3
exp2_62,Free,0.0,0.4339231256357611,0.4805879568182587,3
exp2_62,Free,1.0,0.5134164904343141,0.5689586558626827,3
exp2_63,Free,-1.0,1.152497899293668,1.1271909433532503,3
exp2_63,Free,0.0,0.8887875742213959,0.9945195543218123,3
exp2_63,Free,1.0,1.3118403656179294,1.2988499757284395,3
exp2_64,Free,-1.0,0.036751929822508085,-0.0075465062843668735,3
exp2_64,Free,0.0,0.03715001972626761,0.001184334949012415,3
exp2_64,Free,1.0,0.06497522647709722,-0.044071622940825374,3
exp2_65,Free,-1.0,2.0630957375069032,2.3594773086258667,3
exp2_65,Free,0.0,1.579060870083169,1.9721093960948775,3
exp2_65,Free,1.0,1.858358076635953,1.9255907003933652,3
exp2_66,Observed,-1.0,0.01197619004124853,0.0013027256834203806,3
exp2_66,Observed,0.0,0.010421189695615493,-0.0005955562757884842,3
exp2_66,Observed,1.0,0.015648524814868073,-0.005189963999651209,3
exp2_67,Free,-1.0,1.915031769275565,1.998330219732547,3
exp2_67,Free,0.0,1.7367932855688282,1.5148303398249454,3
exp2_67,Free,1.0,2.05097540578078,1.952191972292459,3
exp2_68,Free,-1.0,1.6234927506773122,1.9688619001900889,3
exp2_68,Free,0.0,1.560180962656566,1.9573964734522225,3
exp2_68,Free,1.0,1.5739030690765596,1.8748031924322266,3
exp2_69,Free,-1.0,1.4659570497587677,1.240048175969953,3
exp2_69,Free,0.0,2.8704438066481126,1.489718151139602,3
exp2_69,Free,1.0,1.7318804465600848,1.5375684573721287,3
exp2_7,Free,-1.0,2.690036854425507,2.258847173869462,3
exp2_7,Free,0.0,2.2154402201607915,1.5530651486021885,3
exp2_7,Free,1.0,2.175115071695068,1.9249866735395091,3
exp2_70,Observed,-1.0,3.4691187241598294,2.1499329724239202,3
exp2_70,Observed,0.0,5.557054749462765,4.124366675859837,3
exp2_70,Observed,1.0,3.8277306481385835,2.2102524872748925,3
exp2_71,Observed,-1.0,0.9279236648833783,0.9035107886625876,3
exp2_71,Observed,0.0,0.9788498143035472,0.9139736414525117,3
exp2_71,Observed,1.0,0.834931995197467,0.9174622061827449,3
exp2_72,Observed,-1.0,2.3351325101020195,2.592328532302207,3
exp2_72,Observed,0.0,2.360196059440782,2.5417652976783898,3
exp2_72,Observed,1.0,1.8521985326382215,2.0004032275474515,3
exp2_73,Free,-1.0,1.4664292111691248,1.5960452553000186,3
exp2_73,Free,0.0,1.337234627631243,1.5552261352544527,3
exp2_73,Free,1.0,1.2924179929496054,1.50038770140125,3
exp2_74,Free,-1.0,1.3208426270782,0.9389011809532416,3
exp2_74,Free,0.0,0.6893365050157431,0.5435347926640551,3
exp2_74,Free,1.0,1.4637503867650514,1.2583898263442672,3
exp2_75,Free,-1.0,0.09680542612373576,0.09358035342632412,3
exp2_75,Free,0.0,0.06817021792920758,0.05628287925537431,3
exp2_75,Free,1.0,0.08446082797717269,0.08042264440283811,3
exp2_76,Observed,-1.0,1.3917667034213745,1.6303990491331732,3
exp2_76,Observed,0.0,1.2012795885792447,1.5193686412528675,3
exp2_76,Observed,1.0,1.2526068327539222,1.474347879111643,3
exp2_77,Free,-1.0,0.4359665356766934,0.3186079024275619,3
exp2_77,Free,0.0,0.6645861290655953,0.6602827278929608,3
exp2_77,Free,1.0,0.5673579725105915,0.41956668706188754,3
exp2_78,Free,-1.0,1.7130136638406537,1.5392317746439559,3
exp2_78,Free,0.0,1.1365703965108191,1.0854530484312768,3
exp2_78,Free,1.0,1.4557618328688595,0.9893564068605283,3
exp2_79,Free,-1.0,1.5847736870669102,1.7696518584295364,3
exp2_79,Free,0.0,1.2443521483177007,1.4992899086468217,3
exp2_79,Free,1.0,1.4813861215786313,1.9085606897549598,3
exp2_8,Observed,-1.0,2.814879464568444,2.2569092582783727,3
exp2_8,Observed,0.0,2.9057036074276286,2.0869053709117904,3
exp2_8,Observed,1.0,4.149298748736835,4.054373996893807,3
exp2_80,Observed,-1.0,3.9246060069506012,1.783805544139718,3
exp2_80,Observed,0.0,3.7227101115067533,1.6042221532675573,3
exp2_80,Observed,1.0,4.022024111559402,2.5464398694901136,3
exp2_81,Observed,-1.0,1.0427466799158769,1.2313614041691956,3
exp2_81,Observed,0.0,0.8351650603094731,1.0094551613897915,3
exp2_81,Observed,1.0,0.8966465253078801,1.0985387632900216,3
exp2_82,Observed,-1.0,0.014481938932254053,0.0045338386931173666,3
exp2_82,Observed,0.0,0.014558815724822372,0.0014737095927606207,3
exp2_82,Observed,1.0,0.013441180950184184,0.004256431851985858,3
exp2_83,Free,-1.0,1.4313905347328058,1.1798369056237294,3
exp2_83,Free,0.0,1.8238484416151293,1.5977942285653932,3
exp2_83,Free,1.0,2.5207989227324714,2.5717690626063803,3
exp2_84,Free,-1.0,2.0936206185495867,2.0212173264103943,3
exp2_84,Free,0.0,2.2590853674544453,1.6811618466763567,3
exp2_84,Free,1.0,1.5896602727707734,1.2508287205312698,3
exp2_85,Free,-1.0,5.346492055306932,2.86124372361583,3
exp2_85,Free,0.0,4.574090904614658,4.808027250315693,3
exp2_85,Free,1.0,3.65451796190683,3.560731025322123,3
exp2_86,Observed,-1.0,1.5323717705288997,1.2824077900621795,3
exp2_86,Observed,0.0,1.0597611117961656,1.049002558379133,3
exp2_86,Observed,1.0,1.1821602816308787,1.1951254315388475,3
exp2_87,Observed,-1.0,1.082036139711172,1.3051464853307748,3
exp2_87,Observed,0.0,1.0438863647362584,1.340579985450084,3
exp2_87,Observed,1.0,0.9933911507630563,1.207252590108232,3
exp2_88,Free,-1.0,0.3747989278751169,0.47262217914776267,3
exp2_88,Free,0.0,0.671871069646402,0.8893295537052492,3
exp2_88,Free,1.0,0.4480037430859447,0.5725792003209631,3
exp2_89,Observed,-1.0,2.7765210630547204,1.7895938202203368,3
exp2_89,Observed,0.0,1.421704625320432,1.300017485938587,3
exp2_89,Observed,1.0,2.633292191288344,0.9763142732356774,3
exp2_9,Free,-1.0,0.5065116528184825,0.7065883599301747,3
exp2_9,Free,0.0,0.8887364270901074,1.2546662881622634,3
exp2_9,Free,1.0,0.3610897815573147,0.5042772571696362,3
exp2_90,Free,-1.0,2.1320540093991576,2.1651406822892403,3
exp2_90,Free,0.0,2.6536372289520616,2.588150014615706,3
exp2_90,Free,1.0,2.285230168305713,2.7130526068491054,3
exp2_91,Observed,-1.0,0.3045195222155123,0.27994572396626677,3
exp2_91,Observed,0.0,0.32453599362020824,0.2616754398407997,3
exp2_91,Observed,1.0,0.25362480190773434,0.2476380258599328,3
exp2_92,Observed,-1.0,0.010310410845333485,0.0077616002484987715,3
exp2_92,Observed,0.0,0.00874203535403455,0.006025828878214895,3
exp2_92,Observed,1.0,0.011211064509246077,0.00843289619158449,3
exp2_93,Observed,-1.0,4.232135365861884,1.65539536719239,3
exp2_93,Observed,0.0,4.51006117408729,3.1044829496683044,3
exp2_93,Observed,1.0,3.8327568035465602,0.8986094516521348,3
exp2_94,Observed,-1.0,0.7481886244561797,0.8341970838357813,3
exp2_94,Observed,0.0,0.9274432951085276,1.1260102285267102,3
exp2_94,Observed,1.0,1.2587245821950181,1.5810788722175955,3
exp2_95,Free,-1.0,0.07838261999207335,0.08236094460010018,3
exp2_95,Free,0.0,0.05924211406778237,0.05955680468657681,3
exp2_95,Free,1.0,0.09369348332646865,0.10172787467777519,3
exp2_96,Free,-1.0,0.34117196992208776,0.18009591045713796,3
exp2_96,Free,0.0,0.28518779261677857,0.15026166510650973,3
exp2_96,Free,1.0,0.7485161545838922,0.4880471732402977,3
exp2_97,Observed,-1.0,0.028513969330705515,0.024756921041059667,3
exp2_97,Observed,0.0,0.023628415777244227,0.01901734055900849,3
exp2_97,Observed,1.0,0.019929782471164517,0.016059126504066525,3
exp2_98,Free,-1.0,0.01148701424563256,0.011604530387974123,3
exp2_98,Free,0.0,0.013083039175468736,0.013060968595075611,3
exp2_98,Free,1.0,0.010529661608347566,0.010534349588869273,3
exp2_99,Observed,-1.0,5.981746464192822,1.0339179509482297,3
exp2_99,Observed,0.0,5.351434968896838,2.634870220864731,3
exp2_99,Observed,1.0,7.699707036643209,2.837459765638264,3
