participant,ll,sigma_act,choice_bias,p_lapse
3,-126.0711992335212,11.442349143976982,0.42410066522594986,0.011638940957447788
4,-103.59638832248787,5.2332991283579195,-0.35262579060519006,0.046510223091108874
5,-108.0194766223036,5.803774333728735,0.48551338685068457,0.010109540006805924
6,-130.45931304698067,12.654973652800217,-0.0047543736058220576,0.01
7,-125.69305091552772,11.657076277157607,2.2756088520084092,0.01
36,-125.62554675580873,11.864703703226596,-1.1885345179240476,0.046510223091108874
44,-123.31496555456543,10.391656608200988,-1.2144426465298577,0.046510223091108874
45,-101.23347445434764,5.19619251945658,-0.5468395876383103,0.010109540006805924
46,-107.82588962730702,5.442411108795343,0.45327583117277215,0.046510223091108874
47,-121.04433010019986,12.24373274412853,-2.0153990710638308,0.031744999658616914
48,-111.80881390571786,10.181383899160155,4.480327077239242,0.011638940957447788
49,-128.10927729611032,12.044592149251226,1.0116871187806245,0.011638940957447788
50,-117.80603553330506,8.207364030881607,-0.39087930626963585,0.011638940957447788
51,-131.26481437683157,14.034424715416506,1.9016757553958326,0.046510223091108874
52,-135.53171213361668,15.153850123650537,-0.20816806092940304,0.046510223091108874
53,-115.56316058027429,7.8918316185472905,1.4034672826564543,0.011638940957447788
54,-125.42046545627748,12.772295920126522,-0.3795228876895939,0.01
55,-131.4329874641552,13.457952832750681,-1.1380135190460376,0.011638940957447788
56,-113.4460760150425,6.219932718888101,0.07816562305975444,0.031744999658616914
57,-130.57036400422123,12.77247375226996,-0.6812194348412058,0.046510223091108874
58,-125.90606095622248,11.924677315592861,-2.862738983913396,0.010109540006805924
59,-111.71968877718169,5.821717814135483,-0.6033028892348729,0.01
60,-124.30743469064743,10.472335150833617,-1.8887188715645478,0.046510223091108874
61,-130.55590481585807,12.917525682251307,0.8702566264221007,0.046510223091108874
62,-118.8044975331052,9.028145043332302,2.686247967797628,0.011638940957447788
63,-118.73773554278404,8.53661260907274,-0.18399832159841484,0.046510223091108874
64,-121.00192376598864,9.071925036776044,-1.291022511964425,0.031744999658616914
65,-119.86216401380423,9.73522348009791,-2.201215906454596,0.031744999658616914
66,-108.7910690160414,5.554728895516894,0.32659461054392347,0.01
67,-127.51703513865374,12.23318260140528,1.8934717790923963,0.011638940957447788
68,-113.5695960471486,6.6411635470364345,1.6493353866759333,0.031744999658616914
69,-110.13711552364526,7.331739692246818,0.9578631432794007,0.010109540006805924
70,-109.54009918362794,13.277552567675896,-1.7561356910094543,0.010109540006805924
71,-127.75067547752442,12.585089938321133,1.4680972511767283,0.010109540006805924
72,-122.33031027766359,10.672198316215912,-0.0346826100853696,0.011638940957447788
73,-116.64339511042925,8.290791922110571,-2.0242267208560656,0.010109540006805924
74,-118.98476717445587,10.188655275476737,0.9752362349139689,0.011638940957447788
79,-126.58392913280217,11.059678930573826,-0.5017087794161093,0.031744999658616914
81,-126.44435097119103,12.76861861842135,0.3563525744882298,0.046510223091108874
82,-123.1683590527517,10.554860349277455,0.35313369484888013,0.011638940957447788
84,-125.51841112657561,10.662191928485562,2.0021109678316313,0.011638940957447788
85,-118.10825361813771,7.588673505674473,1.5258310456704185,0.010109540006805924
86,-119.0415617022576,8.67757150846429,-0.09836009435625424,0.011638940957447788
88,-124.04871757381954,10.25188558145333,1.6639430475055583,0.031744999658616914
90,-137.07994166427005,15.776640870494763,0.09552002290643127,0.046510223091108874
93,-139.1989346507354,17.459313674699086,1.509568807320741,0.031744999658616914
94,-129.85750062156177,12.801201183628505,1.0958930061137373,0.011638940957447788
95,-128.4158777155297,13.190014541442302,-0.5745079008598679,0.01
96,-122.2871417860515,9.621457191782062,0.07010293767226021,0.046510223091108874
97,-109.81369708236085,5.73795128395204,0.7401742260912872,0.010109540006805924
98,-123.38962250641222,10.101697209300596,-1.6053029839571915,0.046510223091108874
99,-127.134202059331,13.831124158175726,-0.7945436757009878,0.01
100,-126.2694417433326,11.544634065359594,-0.44972137564961845,0.011638940957447788
101,-117.87721307127032,13.416586788494694,-2.7359081654082953,0.031744999658616914
102,-114.21076189080621,8.273244776286242,0.3664532371236976,0.01
103,-129.96591565501814,12.845732023603729,-1.1020227001506524,0.011638940957447788
104,-136.49216429474438,15.258617148429648,-0.38381442651824044,0.011638940957447788
105,-122.01787913473557,10.003238421837375,-2.1947813656497543,0.010109540006805924
106,-128.6600610339159,12.290447113423832,1.2961436566037556,0.010109540006805924
107,-105.50818577127843,5.6029438644340805,-1.0180147150775372,0.01
108,-104.56262573485049,5.133653438865597,-1.5481564545001454,0.046510223091108874
109,-116.99295372488022,8.292525911583288,0.7628897819343124,0.01
110,-120.13532657561095,9.56971030313114,0.5886432884369708,0.011638940957447788
111,-112.31740686681432,6.271155561397207,-0.9057277898476862,0.011638940957447788
112,-108.30543307550332,9.15281453926799,-0.7707358381524924,0.046510223091108874
113,-111.43251410804386,9.568512067993383,0.16047201543891718,0.031744999658616914
114,-131.31703284385839,14.30572391124878,-3.4916528716337796,0.011638940957447788
115,-123.73858930889014,9.875899388100649,-0.2312010047701285,0.046510223091108874
116,-113.8184130517871,7.675005483404187,2.0657319426017695,0.01
117,-125.40830471745033,17.234992379175665,1.2587739595593619,0.031744999658616914
118,-113.63525281762216,6.437367383063087,-0.05144545913395714,0.031744999658616914
119,-124.30510390903288,10.099815403455018,0.45707079893048624,0.011638940957447788
120,-123.38113439734225,9.982558705769875,-0.006729558165602802,0.046510223091108874
121,-128.26448906958,12.538570243504596,-1.7606999188283288,0.010109540006805924
122,-75.01631753881996,8.879194085829033,0.05505452685713796,0.01
123,-111.60598385435196,5.971047386851452,-0.7539236355366644,0.031744999658616914
124,-129.87186920140812,13.622679050540164,0.9937646134851342,0.031744999658616914
125,-132.72327758949206,14.208488938560278,-1.2801227601170235,0.010109540006805924
126,-127.5351261385137,12.835318285967878,-4.167541491365,0.01
127,-124.48613529387023,10.815749674370887,-0.16118749151770076,0.031744999658616914
128,-122.99086115666887,11.617103373305566,1.0973052449256617,0.01
129,-129.37402169091808,13.192811504518508,-1.410682711240943,0.031744999658616914
130,-126.90524206699064,11.557018880762788,1.1148070746687924,0.011638940957447788
131,-117.16767007547939,6.932549122703745,0.45715046051829905,0.011638940957447788
132,-132.79889400159408,13.872388685107095,0.5994644026566261,0.046510223091108874
133,-121.15572415129016,10.044492764965314,-1.1097109337682727,0.010109540006805924
134,-128.16848214716336,13.0412083603562,-2.468093640073692,0.01
135,-116.54947479657224,7.081373137373724,1.6392465535626124,0.011638940957447788
136,-105.7306474455093,7.380693074076959,-0.43775839647794973,0.011638940957447788
137,-128.4662145571519,11.679284614372516,0.5214332997377181,0.046510223091108874
138,-118.1139025940287,8.81687322595827,-0.38452067348231234,0.031744999658616914
139,-103.04357062114128,5.289125114634725,2.275189069858976,0.010109540006805924
140,-117.85384052694349,8.442281316541964,-0.8105178980880402,0.01
141,-119.12280192127365,8.83944790845253,-0.10824220288340528,0.01
142,-112.00573799245316,6.539934362396789,-0.5880315559161396,0.01
143,-124.80017408460617,10.218499688859495,0.0038566519343431497,0.010109540006805924
144,-126.06618911759253,11.811936024203051,-2.5527447293417906,0.010109540006805924
145,-119.45982695219175,9.62784687782966,-0.4166376301807406,0.011638940957447788
146,-112.55359518109717,8.073351552614222,-0.09644091787506612,0.046510223091108874
147,-127.26937772805343,11.828149356839765,0.3220165191444881,0.011638940957447788
