agency,participant,incentive,correct,conf,confSym,calib,log_rt,group
0,Exp2_1,-1.0,67.53246753246754,62.18181818181818,62.18181818181818,-5.3506493506493555,6.342484115971368,Observed
0,Exp2_1,0.0,70.12987012987013,65.72727272727273,65.72727272727273,-4.402597402597394,6.3115261584371645,Observed
0,Exp2_1,1.0,71.05263157894737,65.59210526315789,65.59210526315789,-5.46052631578948,6.384900260056438,Observed
0,Exp2_10,-1.0,77.92207792207793,53.72727272727273,53.72727272727273,-24.194805194805205,6.377129354192604,Observed
0,Exp2_10,0.0,70.66666666666667,56.17333333333333,56.17333333333333,-14.49333333333334,6.341438436793206,Observed
0,Exp2_10,1.0,78.2051282051282,53.743589743589745,53.743589743589745,-24.46153846153846,6.342224126942623,Observed
1,Exp2_100,-1.0,67.5,63.225,63.225,-4.274999999999999,6.407314494310432,Free
1,Exp2_100,0.0,67.5,64.6625,64.6625,-2.8375000000000057,6.478756370421675,Free
1,Exp2_100,1.0,63.74999999999999,65.75,65.75,2.000000000000007,6.455104549960605,Free
1,Exp2_101,-1.0,67.10526315789474,87.48684210526316,87.48684210526316,20.381578947368425,5.749545664390702,Free
1,Exp2_101,0.0,61.33333333333333,83.88,83.88,22.546666666666667,5.818675678341867,Free
1,Exp2_101,1.0,59.42028985507246,85.81159420289855,85.81159420289855,26.391304347826086,5.74377435951177,Free
1,Exp2_102,-1.0,70.83333333333334,70.5,70.5,-0.3333333333333428,7.774900582166292,Free
1,Exp2_102,0.0,76.0,70.85333333333334,70.85333333333334,-5.146666666666661,7.734578777953576,Free
1,Exp2_102,1.0,78.66666666666666,72.93333333333334,72.93333333333334,-5.73333333333332,7.763883348782617,Free
1,Exp2_103,-1.0,75.0,67.92105263157895,67.92105263157895,-7.078947368421055,6.604892790990114,Free
1,Exp2_103,0.0,79.22077922077922,70.50649350649351,70.50649350649351,-8.714285714285708,6.4351026275195995,Free
1,Exp2_103,1.0,76.25,72.3625,72.3625,-3.887500000000003,6.427514713048292,Free
1,Exp2_104,-1.0,83.75,81.65,81.65,-2.0999999999999943,6.275222698770412,Free
1,Exp2_104,0.0,85.0,74.375,74.375,-10.625,6.344206702191431,Free
1,Exp2_104,1.0,82.5,83.375,83.375,0.875,6.3076932386410345,Free
1,Exp2_105,-1.0,86.07594936708861,69.9113924050633,69.9113924050633,-16.164556962025316,6.388291117036754,Free
1,Exp2_105,0.0,87.5,78.9625,78.9625,-8.537499999999994,6.368946699532641,Free
1,Exp2_105,1.0,81.25,81.5,81.5,0.25,6.293829938433224,Free
1,Exp2_106,-1.0,81.25,77.425,77.425,-3.825000000000003,6.153464706076152,Free
1,Exp2_106,0.0,76.31578947368422,72.30263157894737,72.30263157894737,-4.01315789473685,6.28380696166352,Free
1,Exp2_106,1.0,83.75,78.6125,78.6125,-5.137500000000003,6.277299640220663,Free
1,Exp2_107,-1.0,92.5,96.35,96.35,3.8499999999999943,5.951305535624053,Free
1,Exp2_107,0.0,88.46153846153845,95.28205128205128,95.28205128205128,6.820512820512832,6.092598333659119,Free
1,Exp2_107,1.0,84.61538461538461,93.88461538461539,93.88461538461539,9.269230769230774,5.955994722677726,Free
1,Exp2_108,-1.0,83.54430379746836,79.51898734177215,79.51898734177215,-4.025316455696213,6.166038190754301,Free
1,Exp2_108,0.0,82.05128205128204,80.85897435897436,80.85897435897436,-1.1923076923076792,6.169847279226171,Free
1,Exp2_108,1.0,83.33333333333334,80.88461538461539,80.88461538461539,-2.448717948717956,6.198408593019298,Free
1,Exp2_109,-1.0,84.61538461538461,98.57692307692308,98.57692307692308,13.961538461538467,6.020260235491962,Free
1,Exp2_109,0.0,86.25,98.9375,98.9375,12.6875,6.0585078151343,Free
1,Exp2_109,1.0,80.76923076923077,98.87179487179488,98.87179487179488,18.102564102564102,5.996202530149165,Free
0,Exp2_11,-1.0,68.35443037974683,78.51898734177215,78.51898734177215,10.164556962025316,6.415624148265716,Observed
0,Exp2_11,0.0,70.88607594936708,72.50632911392405,72.50632911392405,1.6202531645569707,6.5241985441240375,Observed
0,Exp2_11,1.0,75.64102564102564,81.42307692307692,81.42307692307692,5.782051282051285,6.384498791776815,Observed
1,Exp2_110,-1.0,58.22784810126582,63.56962025316456,63.56962025316456,5.341772151898738,6.570448826359578,Free
1,Exp2_110,0.0,59.49367088607595,63.9746835443038,63.9746835443038,4.481012658227854,6.532321899010326,Free
1,Exp2_110,1.0,62.5,63.125,63.125,0.625,6.499067779597423,Free
1,Exp2_111,-1.0,91.25,68.2125,68.2125,-23.037499999999994,6.385698922925643,Free
1,Exp2_111,0.0,90.0,67.825,67.825,-22.174999999999997,6.382863685709389,Free
1,Exp2_111,1.0,88.75,69.2125,69.2125,-19.537499999999994,6.292189390986924,Free
1,Exp2_112,-1.0,83.11688311688312,80.01298701298701,80.01298701298701,-3.103896103896105,6.4210656155277155,Free
1,Exp2_112,0.0,78.48101265822784,79.0253164556962,79.0253164556962,0.5443037974683591,6.502799544110335,Free
1,Exp2_112,1.0,78.48101265822784,80.0379746835443,80.0379746835443,1.5569620253164658,6.449115231687174,Free
1,Exp2_113,-1.0,74.35897435897436,65.53846153846153,65.53846153846153,-8.820512820512832,6.898315679173152,Free
1,Exp2_113,0.0,67.5,67.0625,67.0625,-0.4375,6.813437178827586,Free
1,Exp2_113,1.0,78.75,72.8,72.8,-5.950000000000003,6.774838893741331,Free
1,Exp2_114,-1.0,75.0,63.8421052631579,63.8421052631579,-11.157894736842103,5.999811008012792,Free
1,Exp2_114,0.0,73.33333333333333,64.8,64.8,-8.533333333333331,5.948454963883264,Free
1,Exp2_114,1.0,71.62162162162163,66.9054054054054,66.9054054054054,-4.716216216216225,5.956764425590752,Free
1,Exp2_115,-1.0,68.75,63.975,63.975,-4.774999999999999,6.656940623570085,Free
1,Exp2_115,0.0,69.62025316455697,66.37974683544304,66.37974683544304,-3.240506329113927,6.606980297639812,Free
1,Exp2_115,1.0,73.07692307692307,65.67948717948718,65.67948717948718,-7.397435897435884,6.797890534756746,Free
1,Exp2_116,-1.0,81.15942028985508,55.666666666666664,55.666666666666664,-25.492753623188413,5.914353547836642,Free
1,Exp2_116,0.0,79.71014492753623,55.56521739130435,55.56521739130435,-24.144927536231883,5.91260569101,Free
1,Exp2_116,1.0,92.7536231884058,55.89855072463768,55.89855072463768,-36.85507246376812,5.8150170473442255,Free
1,Exp2_117,-1.0,67.08860759493672,67.50632911392405,67.50632911392405,0.4177215189873351,6.461622276533846,Free
1,Exp2_117,0.0,75.9493670886076,70.0253164556962,70.0253164556962,-5.924050632911403,6.4843804763308865,Free
1,Exp2_117,1.0,72.15189873417721,70.53164556962025,70.53164556962025,-1.6202531645569564,6.385442866808084,Free
1,Exp2_118,-1.0,90.0,77.525,77.525,-12.474999999999994,6.266394008414163,Free
1,Exp2_118,0.0,82.5,78.9875,78.9875,-3.512500000000003,6.240413478533204,Free
1,Exp2_118,1.0,89.87341772151899,81.92405063291139,81.92405063291139,-7.949367088607602,6.2423566689920085,Free
1,Exp2_119,-1.0,80.82191780821918,65.87671232876713,65.87671232876713,-14.945205479452056,5.8576558550179545,Free
1,Exp2_119,0.0,75.34246575342466,65.54794520547945,65.54794520547945,-9.794520547945211,5.8414016099434,Free
1,Exp2_119,1.0,75.0,70.06944444444444,70.06944444444444,-4.930555555555557,5.894869287146175,Free
0,Exp2_12,-1.0,75.0,63.125,63.125,-11.875,6.097142309660361,Observed
0,Exp2_12,0.0,79.74683544303798,68.9873417721519,68.9873417721519,-10.759493670886087,6.013327790808066,Observed
0,Exp2_12,1.0,72.5,64.3875,64.3875,-8.112499999999997,6.1258091883783115,Observed
1,Exp2_120,-1.0,66.66666666666666,70.95238095238095,70.95238095238095,4.285714285714292,6.1575046617554765,Free
1,Exp2_120,0.0,78.57142857142857,77.75714285714285,77.75714285714285,-0.8142857142857167,6.021589271044731,Free
1,Exp2_120,1.0,72.05882352941177,79.16176470588235,79.16176470588235,7.10294117647058,6.116329399730779,Free
1,Exp2_121,-1.0,67.08860759493672,70.18987341772151,70.18987341772151,3.1012658227847965,6.659051295064987,Free
1,Exp2_121,0.0,70.88607594936708,67.72151898734177,67.72151898734177,-3.1645569620253156,6.625908157714945,Free
1,Exp2_121,1.0,77.33333333333333,74.81333333333333,74.81333333333333,-2.519999999999996,6.613598072106879,Free
1,Exp2_122,-1.0,86.95652173913044,39.289855072463766,60.710144927536234,-47.66666666666667,5.859302827812456,Free
1,Exp2_122,0.0,86.88524590163934,62.950819672131146,62.950819672131146,-23.93442622950819,5.947929233629976,Free
1,Exp2_122,1.0,83.82352941176471,88.76470588235294,88.76470588235294,4.941176470588232,5.853830365230935,Free
1,Exp2_123,-1.0,55.69620253164557,62.36708860759494,62.36708860759494,6.670886075949369,7.056685588967977,Free
1,Exp2_123,0.0,52.5,62.025,62.025,9.524999999999999,7.091233954832788,Free
1,Exp2_123,1.0,56.9620253164557,65.51898734177215,65.51898734177215,8.556962025316444,7.262043807771666,Free
1,Exp2_124,-1.0,88.57142857142857,84.77142857142857,84.77142857142857,-3.799999999999997,6.042608411049657,Free
1,Exp2_124,0.0,78.37837837837837,85.89189189189189,85.89189189189189,7.513513513513516,5.993955330277852,Free
1,Exp2_124,1.0,78.37837837837837,89.58108108108108,89.58108108108108,11.202702702702709,5.931232973583855,Free
1,Exp2_125,-1.0,55.84415584415584,65.03896103896103,65.03896103896103,9.194805194805191,6.313394581981717,Free
1,Exp2_125,0.0,56.00000000000001,67.69333333333333,67.69333333333333,11.693333333333321,6.3110200174709625,Free
1,Exp2_125,1.0,63.29113924050633,74.70886075949367,74.70886075949367,11.417721518987342,6.340723347297071,Free
1,Exp2_126,-1.0,80.0,74.05,74.05,-5.950000000000003,6.641052101750143,Free
1,Exp2_126,0.0,83.75,74.1,74.1,-9.650000000000006,6.671344062419527,Free
1,Exp2_126,1.0,83.75,74.9,74.9,-8.849999999999994,6.6889977498451385,Free
1,Exp2_127,-1.0,67.94871794871796,88.0,88.0,20.051282051282044,5.889762021795042,Free
1,Exp2_127,0.0,67.94871794871796,96.02564102564102,96.02564102564102,28.076923076923066,6.00602571661959,Free
1,Exp2_127,1.0,69.23076923076923,95.75641025641026,95.75641025641026,26.525641025641036,5.992710181107185,Free
1,Exp2_128,-1.0,61.25000000000001,54.7875,54.7875,-6.462500000000006,6.577064585790042,Free
1,Exp2_128,0.0,61.25000000000001,60.9875,60.9875,-0.26250000000000995,6.540111115766874,Free
1,Exp2_128,1.0,63.74999999999999,58.2,58.2,-5.54999999999999,6.538621413785469,Free
1,Exp2_129,-1.0,80.51948051948052,79.01298701298701,79.01298701298701,-1.5064935064935128,6.268557945347679,Free
1,Exp2_129,0.0,84.0,78.62666666666667,78.62666666666667,-5.373333333333335,6.324772645544826,Free
1,Exp2_129,1.0,83.11688311688312,83.42857142857143,83.42857142857143,0.31168831168831446,6.245468080687536,Free
0,Exp2_13,-1.0,77.5,66.5125,66.5125,-10.987499999999997,6.9242846093549675,Observed
0,Exp2_13,0.0,77.5,71.95,71.95,-5.549999999999997,6.9253705345564835,Observed
0,Exp2_13,1.0,77.5,75.5375,75.5375,-1.9625000000000057,6.925777028244228,Observed
1,Exp2_130,-1.0,87.34177215189874,53.55696202531646,53.55696202531646,-33.78481012658228,6.2156862288170345,Free
1,Exp2_130,0.0,78.48101265822784,57.0253164556962,57.0253164556962,-21.45569620253164,6.234078635495781,Free
1,Exp2_130,1.0,77.5,61.35,61.35,-16.15,6.252809085082578,Free
1,Exp2_131,-1.0,76.25,73.1875,73.1875,-3.0625,6.181940779981643,Free
1,Exp2_131,0.0,68.35443037974683,71.50632911392405,71.50632911392405,3.151898734177223,6.194979421008338,Free
1,Exp2_131,1.0,78.48101265822784,75.68354430379746,75.68354430379746,-2.7974683544303787,6.116648401163348,Free
1,Exp2_132,-1.0,76.92307692307693,66.34615384615384,66.34615384615384,-10.576923076923094,6.535684075605799,Free
1,Exp2_132,0.0,77.5,67.525,67.525,-9.974999999999994,6.3994670015113275,Free
1,Exp2_132,1.0,72.15189873417721,66.64556962025317,66.64556962025317,-5.506329113924039,6.40043732448937,Free
1,Exp2_133,-1.0,73.75,69.525,69.525,-4.224999999999994,6.819009996492328,Free
1,Exp2_133,0.0,68.75,71.2,71.2,2.450000000000003,6.815950623900766,Free
1,Exp2_133,1.0,73.75,71.1625,71.1625,-2.5875000000000057,6.935839082206819,Free
1,Exp2_134,-1.0,80.0,73.8875,73.8875,-6.112499999999997,6.908228813083163,Free
1,Exp2_134,0.0,68.35443037974683,74.78481012658227,74.78481012658227,6.430379746835442,6.93594739969375,Free
1,Exp2_134,1.0,65.82278481012658,79.56962025316456,79.56962025316456,13.74683544303798,6.948835089116015,Free
1,Exp2_135,-1.0,86.25,84.725,84.725,-1.5250000000000057,6.114679435274023,Free
1,Exp2_135,0.0,86.25,81.9,81.9,-4.349999999999994,6.127512807701296,Free
1,Exp2_135,1.0,82.5,87.6625,87.6625,5.162499999999994,6.1557015192184,Free
1,Exp2_136,-1.0,78.75,65.95,65.95,-12.799999999999997,6.450313950966725,Free
1,Exp2_136,0.0,72.5,66.45,66.45,-6.049999999999997,6.40638627802565,Free
1,Exp2_136,1.0,76.25,66.825,66.825,-9.424999999999997,6.440172994487841,Free
1,Exp2_137,-1.0,73.75,61.525,61.525,-12.225000000000001,6.395042419729978,Free
1,Exp2_137,0.0,73.41772151898735,62.58227848101266,62.58227848101266,-10.835443037974692,6.28157842984039,Free
1,Exp2_137,1.0,75.9493670886076,63.24050632911393,63.24050632911393,-12.708860759493675,6.259111087380602,Free
1,Exp2_138,-1.0,73.41772151898735,56.49367088607595,56.49367088607595,-16.924050632911403,6.757082984780601,Free
1,Exp2_138,0.0,67.5,57.3,57.3,-10.200000000000003,6.688884673585702,Free
1,Exp2_138,1.0,77.21518987341773,56.53164556962025,56.53164556962025,-20.683544303797476,6.7311716837315245,Free
1,Exp2_139,-1.0,87.34177215189874,79.16455696202532,79.16455696202532,-8.177215189873422,5.95227246112195,Free
1,Exp2_139,0.0,82.05128205128204,76.14102564102564,76.14102564102564,-5.910256410256409,6.0232321003571005,Free
1,Exp2_139,1.0,85.0,83.425,83.425,-1.5750000000000028,5.963528314575102,Free
0,Exp2_14,-1.0,70.0,66.3875,66.3875,-3.612499999999997,6.385104885105589,Observed
0,Exp2_14,0.0,72.15189873417721,67.92405063291139,67.92405063291139,-4.2278481012658204,6.420843095667964,Observed
0,Exp2_14,1.0,79.48717948717949,71.57692307692308,71.57692307692308,-7.910256410256409,6.324468196992205,Observed
1,Exp2_140,-1.0,85.0,85.85,85.85,0.8499999999999943,6.001422799196016,Free
1,Exp2_140,0.0,88.75,84.9125,84.9125,-3.8375000000000057,6.017419581988583,Free
1,Exp2_140,1.0,86.25,87.6875,87.6875,1.4375,5.98185444669267,Free
1,Exp2_141,-1.0,76.25,72.025,72.025,-4.224999999999994,6.976809486788265,Free
1,Exp2_141,0.0,71.7948717948718,73.98717948717949,73.98717948717949,2.1923076923076934,6.905537832088594,Free
1,Exp2_141,1.0,71.25,79.575,79.575,8.325000000000003,7.013447033753508,Free
1,Exp2_142,-1.0,55.00000000000001,47.575,52.425,-7.425000000000004,6.768051225420936,Free
1,Exp2_142,0.0,63.74999999999999,66.975,66.975,3.2250000000000014,6.787201131799144,Free
1,Exp2_142,1.0,71.25,73.575,73.575,2.325000000000003,6.759979370330695,Free
1,Exp2_143,-1.0,79.72972972972973,55.36486486486486,55.36486486486486,-24.364864864864863,6.047192639136756,Free
1,Exp2_143,0.0,76.31578947368422,56.171052631578945,56.171052631578945,-20.144736842105274,6.014871646456121,Free
1,Exp2_143,1.0,73.91304347826086,62.78260869565217,62.78260869565217,-11.130434782608688,6.112276257220454,Free
1,Exp2_144,-1.0,70.88607594936708,98.69620253164557,98.69620253164557,27.810126582278485,6.090951942484107,Free
1,Exp2_144,0.0,73.07692307692307,99.96153846153847,99.96153846153847,26.8846153846154,6.148573809715021,Free
1,Exp2_144,1.0,86.48648648648648,99.95945945945945,99.95945945945945,13.472972972972968,6.143002046152751,Free
1,Exp2_145,-1.0,67.53246753246754,56.77922077922078,56.77922077922078,-10.753246753246756,6.45043941427231,Free
1,Exp2_145,0.0,70.66666666666667,60.84,60.84,-9.826666666666668,6.474957299580467,Free
1,Exp2_145,1.0,69.73684210526315,57.973684210526315,57.973684210526315,-11.763157894736835,6.326567816495112,Free
1,Exp2_146,-1.0,64.1025641025641,50.705128205128204,50.705128205128204,-13.397435897435898,6.95004086141864,Free
1,Exp2_146,0.0,73.68421052631578,69.96052631578948,69.96052631578948,-3.723684210526301,6.9647205949479245,Free
1,Exp2_146,1.0,74.68354430379746,82.53164556962025,82.53164556962025,7.848101265822791,7.01720323823168,Free
1,Exp2_147,-1.0,80.76923076923077,67.12820512820512,67.12820512820512,-13.64102564102565,6.255392205952232,Free
1,Exp2_147,0.0,73.75,68.2,68.2,-5.549999999999997,6.239990999878655,Free
1,Exp2_147,1.0,75.0,68.3625,68.3625,-6.637500000000003,6.213210759916665,Free
0,Exp2_148,-1.0,80.0,74.1125,74.1125,-5.887500000000003,6.671494646743575,Observed
0,Exp2_148,0.0,68.75,70.4,70.4,1.6500000000000057,6.725527401683489,Observed
0,Exp2_148,1.0,73.75,71.925,71.925,-1.8250000000000028,6.621356025934794,Observed
0,Exp2_149,-1.0,71.25,59.775,59.775,-11.475000000000001,6.71656495044625,Observed
0,Exp2_149,0.0,73.75,57.525,57.525,-16.225,6.683621462507155,Observed
0,Exp2_149,1.0,74.68354430379746,57.36708860759494,57.36708860759494,-17.316455696202524,6.693238871770023,Observed
0,Exp2_15,-1.0,70.0,60.9875,60.9875,-9.012500000000003,6.492727521756819,Observed
0,Exp2_15,0.0,76.25,54.6875,54.6875,-21.5625,6.405972336093892,Observed
0,Exp2_15,1.0,76.25,67.6875,67.6875,-8.5625,6.427937081536752,Observed
0,Exp2_150,-1.0,78.75,74.25,74.25,-4.5,6.458824173830527,Observed
0,Exp2_150,0.0,77.21518987341773,69.53164556962025,69.53164556962025,-7.6835443037974755,6.499043618838558,Observed
0,Exp2_150,1.0,69.62025316455697,73.58227848101266,73.58227848101266,3.9620253164556942,6.443829007336202,Observed
0,Exp2_151,-1.0,77.5,76.5625,76.5625,-0.9375,6.2981406515999065,Observed
0,Exp2_151,0.0,88.75,81.6625,81.6625,-7.087500000000006,6.284243581440071,Observed
0,Exp2_151,1.0,85.0,83.6,83.6,-1.4000000000000057,6.331903251187702,Observed
0,Exp2_152,-1.0,79.22077922077922,65.98701298701299,65.98701298701299,-13.233766233766232,6.973268423084122,Observed
0,Exp2_152,0.0,77.21518987341773,63.607594936708864,63.607594936708864,-13.607594936708864,7.073305357402252,Observed
0,Exp2_152,1.0,72.5,69.0625,69.0625,-3.4375,6.958398209467648,Observed
0,Exp2_153,-1.0,69.73684210526315,86.90789473684211,86.90789473684211,17.17105263157896,6.7951542198567045,Observed
0,Exp2_153,0.0,79.48717948717949,35.55128205128205,64.44871794871796,-43.93589743589744,6.911465489911859,Observed
0,Exp2_153,1.0,74.35897435897436,89.8076923076923,89.8076923076923,15.448717948717942,6.756919934519708,Observed
0,Exp2_154,-1.0,75.9493670886076,84.26582278481013,84.26582278481013,8.316455696202524,6.709132194420914,Observed
0,Exp2_154,0.0,75.0,75.975,75.975,0.9749999999999943,6.615911139756259,Observed
0,Exp2_154,1.0,76.25,80.275,80.275,4.025000000000006,6.626507829196013,Observed
0,Exp2_155,-1.0,62.0253164556962,58.25316455696203,58.25316455696203,-3.7721518987341724,6.548885696223636,Observed
0,Exp2_155,0.0,71.7948717948718,60.0,60.0,-11.794871794871796,6.4201809753542465,Observed
0,Exp2_155,1.0,77.5,61.6375,61.6375,-15.862499999999997,6.509491672341531,Observed
0,Exp2_156,-1.0,80.26315789473685,82.67105263157895,82.67105263157895,2.4078947368420955,5.952361650370368,Observed
0,Exp2_156,0.0,73.41772151898735,74.54430379746836,74.54430379746836,1.1265822784810098,5.960561799691409,Observed
0,Exp2_156,1.0,72.36842105263158,79.67105263157895,79.67105263157895,7.30263157894737,5.945800709278811,Observed
0,Exp2_157,-1.0,80.0,71.7625,71.7625,-8.237499999999997,6.997294569046927,Observed
0,Exp2_157,0.0,78.75,64.4,64.4,-14.349999999999994,6.976512830620434,Observed
0,Exp2_157,1.0,76.25,74.625,74.625,-1.625,6.968527201462706,Observed
0,Exp2_158,-1.0,68.75,75.3875,75.3875,6.637500000000003,6.272673619370714,Observed
0,Exp2_158,0.0,75.0,80.5,80.5,5.5,6.408633152080432,Observed
0,Exp2_158,1.0,78.75,83.2375,83.2375,4.487499999999997,6.266475791820395,Observed
0,Exp2_159,-1.0,68.75,88.4,88.4,19.650000000000006,6.813118383573912,Observed
0,Exp2_159,0.0,73.75,86.9625,86.9625,13.212500000000006,6.798595173962056,Observed
0,Exp2_159,1.0,77.5,92.525,92.525,15.025000000000006,6.765306532055052,Observed
0,Exp2_16,-1.0,78.75,54.0125,54.0125,-24.737499999999997,6.7446495579908206,Observed
0,Exp2_16,0.0,73.75,63.8125,63.8125,-9.9375,6.784316484102142,Observed
0,Exp2_16,1.0,77.5,64.025,64.025,-13.474999999999994,6.748278206960316,Observed
0,Exp2_160,-1.0,77.92207792207793,75.3896103896104,75.3896103896104,-2.5324675324675354,6.293523382072782,Observed
0,Exp2_160,0.0,76.62337662337663,79.64935064935065,79.64935064935065,3.0259740259740227,6.3670635876661645,Observed
0,Exp2_160,1.0,74.64788732394366,76.92957746478874,76.92957746478874,2.281690140845072,6.407039747278649,Observed
0,Exp2_161,-1.0,80.76923076923077,64.35897435897436,64.35897435897436,-16.41025641025641,6.357665312698868,Observed
0,Exp2_161,0.0,76.31578947368422,68.88157894736842,68.88157894736842,-7.434210526315795,6.348425494117099,Observed
0,Exp2_161,1.0,72.97297297297297,66.72972972972973,66.72972972972973,-6.243243243243242,6.39475108145692,Observed
0,Exp2_162,-1.0,73.41772151898735,66.0506329113924,66.0506329113924,-7.367088607594951,6.377793621494203,Observed
0,Exp2_162,0.0,71.25,65.4875,65.4875,-5.762500000000003,6.392703987879521,Observed
0,Exp2_162,1.0,73.75,67.9125,67.9125,-5.837500000000006,6.4103857757497265,Observed
0,Exp2_163,-1.0,66.25,52.8625,52.8625,-13.387500000000003,6.832567445632518,Observed
0,Exp2_163,0.0,67.08860759493672,62.65822784810127,62.65822784810127,-4.430379746835449,6.722670573633896,Observed
0,Exp2_163,1.0,70.51282051282051,61.69230769230769,61.69230769230769,-8.820512820512818,6.715873776292871,Observed
0,Exp2_164,-1.0,78.75,68.675,68.675,-10.075000000000003,6.825888669383107,Observed
0,Exp2_164,0.0,77.5,65.7,65.7,-11.799999999999997,6.914438320604764,Observed
0,Exp2_164,1.0,77.5,70.0,70.0,-7.5,6.946748708717107,Observed
0,Exp2_165,-1.0,72.36842105263158,65.32894736842105,65.32894736842105,-7.03947368421052,6.388566590333326,Observed
0,Exp2_165,0.0,78.08219178082192,66.57534246575342,66.57534246575342,-11.506849315068493,6.3335365986788545,Observed
0,Exp2_165,1.0,75.0,65.07894736842105,65.07894736842105,-9.921052631578945,6.293941520497499,Observed
0,Exp2_166,-1.0,73.07692307692307,61.5,61.5,-11.576923076923066,6.608631632731012,Observed
0,Exp2_166,0.0,75.9493670886076,64.43037974683544,64.43037974683544,-11.51898734177216,6.722083764646817,Observed
0,Exp2_166,1.0,77.92207792207793,68.76623376623377,68.76623376623377,-9.155844155844164,6.8712510971712994,Observed
0,Exp2_167,-1.0,70.88607594936708,55.835443037974684,55.835443037974684,-15.050632911392398,6.329165173837277,Observed
0,Exp2_167,0.0,72.5,59.0125,59.0125,-13.487499999999997,6.248670779333155,Observed
0,Exp2_167,1.0,75.0,62.2625,62.2625,-12.737499999999997,6.180189669027815,Observed
0,Exp2_168,-1.0,76.25,62.95,62.95,-13.299999999999997,7.0677437452382375,Observed
0,Exp2_168,0.0,80.0,60.6375,60.6375,-19.362499999999997,7.107940917276096,Observed
0,Exp2_168,1.0,72.5,65.0625,65.0625,-7.4375,7.111469508177414,Observed
0,Exp2_169,-1.0,71.25,68.7875,68.7875,-2.4625000000000057,6.385403812404245,Observed
0,Exp2_169,0.0,78.75,67.325,67.325,-11.424999999999997,6.297882752289214,Observed
0,Exp2_169,1.0,81.25,69.325,69.325,-11.924999999999997,6.368321791380739,Observed
0,Exp2_17,-1.0,81.15942028985508,47.69565217391305,52.30434782608695,-33.46376811594203,6.55439583721025,Observed
0,Exp2_17,0.0,70.9090909090909,56.49090909090909,56.49090909090909,-14.418181818181814,6.378182571395776,Observed
0,Exp2_17,1.0,66.66666666666666,52.38095238095238,52.38095238095238,-14.285714285714278,6.149846395105644,Observed
0,Exp2_170,-1.0,68.75,59.75,59.75,-9.0,6.290114662177033,Observed
0,Exp2_170,0.0,73.07692307692307,67.16666666666667,67.16666666666667,-5.910256410256395,6.23207340569064,Observed
0,Exp2_170,1.0,67.08860759493672,61.78481012658228,61.78481012658228,-5.303797468354439,6.3012113345269505,Observed
0,Exp2_171,-1.0,70.0,69.9375,69.9375,-0.0625,6.534137428178132,Observed
0,Exp2_171,0.0,74.68354430379746,71.51898734177215,71.51898734177215,-3.1645569620253156,6.495125126073445,Observed
0,Exp2_171,1.0,78.75,76.7625,76.7625,-1.9874999999999972,6.57281675018328,Observed
0,Exp2_172,-1.0,74.68354430379746,73.72151898734177,73.72151898734177,-0.9620253164556942,6.351146047325403,Observed
0,Exp2_172,0.0,81.0126582278481,76.64556962025317,76.64556962025317,-4.367088607594937,6.330827409391264,Observed
0,Exp2_172,1.0,66.25,68.8125,68.8125,2.5625,6.300180580294113,Observed
0,Exp2_173,-1.0,70.51282051282051,61.82051282051282,61.82051282051282,-8.692307692307693,6.774949714402946,Observed
0,Exp2_173,0.0,60.0,59.70666666666666,59.70666666666666,-0.29333333333333655,6.603910837661956,Observed
0,Exp2_173,1.0,76.25,72.275,72.275,-3.9749999999999943,6.714337932587706,Observed
0,Exp2_174,-1.0,78.75,65.3375,65.3375,-13.412499999999994,7.058382798574806,Observed
0,Exp2_174,0.0,74.68354430379746,60.29113924050633,60.29113924050633,-14.392405063291129,7.119735649798071,Observed
0,Exp2_174,1.0,75.0,59.9375,59.9375,-15.0625,7.083349185054017,Observed
0,Exp2_175,-1.0,79.48717948717949,73.1025641025641,73.1025641025641,-6.384615384615387,6.3414041245170365,Observed
0,Exp2_175,0.0,77.21518987341773,72.29113924050633,72.29113924050633,-4.924050632911403,6.406431003196914,Observed
0,Exp2_175,1.0,74.35897435897436,72.62820512820512,72.62820512820512,-1.7307692307692406,6.501364046159658,Observed
0,Exp2_176,-1.0,69.11764705882352,63.44117647058823,63.44117647058823,-5.67647058823529,5.938269894423902,Observed
0,Exp2_176,0.0,73.61111111111111,61.416666666666664,61.416666666666664,-12.19444444444445,5.87290266482035,Observed
0,Exp2_176,1.0,77.63157894736842,66.05263157894737,66.05263157894737,-11.578947368421055,5.7906012480730915,Observed
0,Exp2_177,-1.0,72.5,64.55,64.55,-7.950000000000003,6.532604586651358,Observed
0,Exp2_177,0.0,73.41772151898735,66.29113924050633,66.29113924050633,-7.126582278481024,6.497589797304537,Observed
0,Exp2_177,1.0,76.25,63.925,63.925,-12.325000000000003,6.552157704012673,Observed
0,Exp2_178,-1.0,80.0,75.8375,75.8375,-4.162499999999994,6.736875712514697,Observed
0,Exp2_178,0.0,70.0,70.3625,70.3625,0.36249999999999716,6.727603836795035,Observed
0,Exp2_178,1.0,72.5,78.6,78.6,6.099999999999994,6.704808109296702,Observed
0,Exp2_179,-1.0,67.5,62.4375,62.4375,-5.0625,6.173729893605458,Observed
0,Exp2_179,0.0,67.5,66.9,66.9,-0.5999999999999943,6.1020224110261445,Observed
0,Exp2_179,1.0,75.0,65.25,65.25,-9.75,6.084873916934257,Observed
1,Exp2_18,-1.0,76.0,78.22666666666667,78.22666666666667,2.2266666666666737,5.764476649301248,Free
1,Exp2_18,0.0,65.27777777777779,83.25,83.25,17.972222222222214,5.925649841684478,Free
1,Exp2_18,1.0,73.61111111111111,83.5,83.5,9.888888888888886,5.871336855592775,Free
0,Exp2_180,-1.0,72.22222222222221,75.76388888888889,75.76388888888889,3.5416666666666714,6.180555183885355,Observed
0,Exp2_180,0.0,72.6027397260274,72.6986301369863,72.6986301369863,0.09589041095890138,6.103038647650379,Observed
0,Exp2_180,1.0,87.14285714285714,84.82857142857142,84.82857142857142,-2.3142857142857167,6.174669275643311,Observed
0,Exp2_181,-1.0,80.0,71.5,71.5,-8.5,6.805825597311288,Observed
0,Exp2_181,0.0,77.5,69.425,69.425,-8.075000000000003,6.772884011333353,Observed
0,Exp2_181,1.0,73.75,74.175,74.175,0.42499999999999716,6.788709178157101,Observed
0,Exp2_182,-1.0,76.25,61.0625,61.0625,-15.1875,6.5353873222956835,Observed
0,Exp2_182,0.0,77.5,68.425,68.425,-9.075000000000003,6.516452415376923,Observed
0,Exp2_182,1.0,81.25,66.5125,66.5125,-14.737499999999997,6.491401469975187,Observed
0,Exp2_183,-1.0,81.0126582278481,66.9873417721519,66.9873417721519,-14.025316455696213,6.474534110629858,Observed
0,Exp2_183,0.0,71.7948717948718,69.34615384615384,69.34615384615384,-2.448717948717956,6.500687269328606,Observed
0,Exp2_183,1.0,75.9493670886076,67.58227848101266,67.58227848101266,-8.367088607594937,6.435079163571147,Observed
0,Exp2_184,-1.0,68.75,66.3375,66.3375,-2.4124999999999943,6.632943128367508,Observed
0,Exp2_184,0.0,65.0,67.075,67.075,2.075000000000003,6.498266740617557,Observed
0,Exp2_184,1.0,72.5,67.9625,67.9625,-4.537499999999994,6.4967994843144385,Observed
0,Exp2_185,-1.0,75.0,71.975,71.975,-3.0250000000000057,6.626827359534272,Observed
0,Exp2_185,0.0,72.5,67.5375,67.5375,-4.962500000000006,6.563169408545105,Observed
0,Exp2_185,1.0,65.0,65.6,65.6,0.5999999999999943,6.610834952437431,Observed
0,Exp2_186,-1.0,76.25,64.1875,64.1875,-12.0625,6.360693844841679,Observed
0,Exp2_186,0.0,70.12987012987013,68.03896103896103,68.03896103896103,-2.0909090909090935,6.403206036015239,Observed
0,Exp2_186,1.0,65.38461538461539,58.57692307692308,58.57692307692308,-6.807692307692307,6.296586322628742,Observed
0,Exp2_187,-1.0,76.25,67.475,67.475,-8.775000000000006,6.910143282324914,Observed
0,Exp2_187,0.0,75.0,70.575,70.575,-4.424999999999997,6.8617930831219835,Observed
0,Exp2_187,1.0,76.25,69.175,69.175,-7.075000000000003,6.833604561061596,Observed
0,Exp2_188,-1.0,75.0,73.6875,73.6875,-1.3125,6.674285603364064,Observed
0,Exp2_188,0.0,75.0,73.725,73.725,-1.2750000000000057,6.735002947124711,Observed
0,Exp2_188,1.0,70.0,69.05,69.05,-0.9500000000000028,6.684114706253669,Observed
0,Exp2_189,-1.0,72.5,65.6125,65.6125,-6.887500000000003,6.609057437083939,Observed
0,Exp2_189,0.0,78.75,56.55,56.55,-22.200000000000003,6.590973241857978,Observed
0,Exp2_189,1.0,81.25,62.9875,62.9875,-18.262500000000003,6.550872736493567,Observed
0,Exp2_19,-1.0,77.5,53.7,53.7,-23.799999999999997,7.226201243086645,Observed
0,Exp2_19,0.0,78.75,57.5125,57.5125,-21.237499999999997,7.142337287690727,Observed
0,Exp2_19,1.0,72.5,57.5625,57.5625,-14.9375,7.1193177121900195,Observed
0,Exp2_190,-1.0,66.23376623376623,56.36363636363637,56.36363636363637,-9.870129870129865,6.963680368289858,Observed
0,Exp2_190,0.0,77.21518987341773,58.46835443037975,58.46835443037975,-18.74683544303798,6.883323414961777,Observed
0,Exp2_190,1.0,75.32467532467533,59.532467532467535,59.532467532467535,-15.79220779220779,6.862022022380216,Observed
0,Exp2_191,-1.0,72.5,68.4375,68.4375,-4.0625,6.861127310173401,Observed
0,Exp2_191,0.0,81.25,75.15,75.15,-6.099999999999994,6.866858657500271,Observed
0,Exp2_191,1.0,74.68354430379746,78.9620253164557,78.9620253164557,4.278481012658233,6.815798980874327,Observed
0,Exp2_192,-1.0,75.32467532467533,54.324675324675326,54.324675324675326,-21.0,6.539058523875156,Observed
0,Exp2_192,0.0,75.64102564102564,54.282051282051285,54.282051282051285,-21.35897435897435,6.562134025168855,Observed
0,Exp2_192,1.0,69.23076923076923,56.717948717948715,56.717948717948715,-12.512820512820511,6.6634179682495684,Observed
0,Exp2_193,-1.0,80.0,81.1,81.1,1.0999999999999943,6.735720129231801,Observed
0,Exp2_193,0.0,77.5,76.7125,76.7125,-0.7874999999999943,6.755529592193412,Observed
0,Exp2_193,1.0,75.0,68.125,68.125,-6.875,6.764533763554321,Observed
0,Exp2_194,-1.0,78.75,60.8125,60.8125,-17.9375,7.218523778375416,Observed
0,Exp2_194,0.0,68.75,59.3375,59.3375,-9.412500000000001,7.255244380796239,Observed
0,Exp2_194,1.0,75.0,62.75,62.75,-12.25,7.2662800097738796,Observed
0,Exp2_195,-1.0,68.75,56.825,56.825,-11.924999999999997,6.627799301878571,Observed
0,Exp2_195,0.0,76.25,58.2625,58.2625,-17.987499999999997,6.570858451874076,Observed
0,Exp2_195,1.0,68.75,60.575,60.575,-8.174999999999997,6.590441958468629,Observed
0,Exp2_196,-1.0,77.5,48.0,52.0,-29.5,6.176907678275069,Observed
0,Exp2_196,0.0,75.0,57.2,57.2,-17.799999999999997,6.176613101536224,Observed
0,Exp2_196,1.0,77.5,54.375,54.375,-23.125,6.1385111804981065,Observed
0,Exp2_197,-1.0,71.7948717948718,49.34615384615385,50.65384615384615,-22.44871794871795,7.442231069080186,Observed
0,Exp2_197,0.0,78.75,56.6375,56.6375,-22.112499999999997,7.479022756659941,Observed
0,Exp2_197,1.0,76.92307692307693,55.3974358974359,55.3974358974359,-21.525641025641036,7.459627966309526,Observed
0,Exp2_2,-1.0,82.5,71.75,71.75,-10.75,6.69393586802465,Observed
0,Exp2_2,0.0,71.25,65.675,65.675,-5.575000000000003,6.762623855285085,Observed
0,Exp2_2,1.0,80.51948051948052,74.03896103896103,74.03896103896103,-6.48051948051949,6.721262540473243,Observed
1,Exp2_20,-1.0,82.66666666666667,77.96,77.96,-4.706666666666678,6.535770720340892,Free
1,Exp2_20,0.0,60.526315789473685,71.90789473684211,71.90789473684211,11.381578947368425,6.776180541586942,Free
1,Exp2_20,1.0,80.55555555555556,78.30555555555556,78.30555555555556,-2.25,6.608882974626837,Free
0,Exp2_21,-1.0,79.45205479452055,67.89041095890411,67.89041095890411,-11.561643835616437,6.366398792629368,Observed
0,Exp2_21,0.0,81.69014084507043,61.140845070422536,61.140845070422536,-20.549295774647895,6.4140623850297995,Observed
0,Exp2_21,1.0,73.97260273972603,63.84931506849315,63.84931506849315,-10.12328767123288,6.447629593789925,Observed
1,Exp2_22,-1.0,88.46153846153845,73.52564102564102,73.52564102564102,-14.93589743589743,5.933677791878909,Free
1,Exp2_22,0.0,77.77777777777779,67.61111111111111,67.61111111111111,-10.166666666666671,6.093363906619527,Free
1,Exp2_22,1.0,82.66666666666667,80.84,80.84,-1.826666666666668,5.866925200975156,Free
0,Exp2_23,-1.0,80.0,69.65,69.65,-10.349999999999994,6.906689033133053,Observed
0,Exp2_23,0.0,57.49999999999999,56.9,56.9,-0.5999999999999943,6.894222974228531,Observed
0,Exp2_23,1.0,76.25,70.55,70.55,-5.700000000000003,6.839482998377934,Observed
0,Exp2_24,-1.0,69.23076923076923,43.01282051282051,56.98717948717949,-26.217948717948715,7.116290822360827,Observed
0,Exp2_24,0.0,65.38461538461539,54.05128205128205,54.05128205128205,-11.333333333333336,7.102090295861997,Observed
0,Exp2_24,1.0,78.75,60.475,60.475,-18.275,7.207476564647051,Observed
1,Exp2_25,-1.0,80.0,75.65,75.65,-4.349999999999994,6.256736222391707,Free
1,Exp2_25,0.0,79.48717948717949,77.23076923076923,77.23076923076923,-2.2564102564102626,6.268489089321619,Free
1,Exp2_25,1.0,79.22077922077922,79.77922077922078,79.77922077922078,0.5584415584415581,6.35312224074762,Free
0,Exp2_26,-1.0,66.66666666666666,65.02564102564102,65.02564102564102,-1.6410256410256352,6.903096133974136,Observed
0,Exp2_26,0.0,58.22784810126582,59.75949367088607,59.75949367088607,1.5316455696202524,7.055803468226259,Observed
0,Exp2_26,1.0,78.48101265822784,69.88607594936708,69.88607594936708,-8.594936708860757,6.909965148844164,Observed
1,Exp2_27,-1.0,75.64102564102564,76.52564102564102,76.52564102564102,0.8846153846153868,6.165476910387834,Free
1,Exp2_27,0.0,77.92207792207793,80.36363636363636,80.36363636363636,2.4415584415584277,6.157347547032987,Free
1,Exp2_27,1.0,69.23076923076923,79.34615384615384,79.34615384615384,10.115384615384613,6.213716476416532,Free
0,Exp2_28,-1.0,81.25,66.125,66.125,-15.125,6.741183804854151,Observed
0,Exp2_28,0.0,72.5,66.2375,66.2375,-6.262500000000003,6.829197583252345,Observed
0,Exp2_28,1.0,68.75,66.575,66.575,-2.174999999999997,6.755558812342249,Observed
0,Exp2_29,-1.0,76.25,70.4875,70.4875,-5.762500000000003,7.07144095967305,Observed
0,Exp2_29,0.0,82.5,74.825,74.825,-7.674999999999997,6.996096437572836,Observed
0,Exp2_29,1.0,77.5,71.95,71.95,-5.549999999999997,6.959033854600834,Observed
1,Exp2_3,-1.0,81.69014084507043,69.26760563380282,69.26760563380282,-12.422535211267615,6.370003713605514,Free
1,Exp2_3,0.0,76.38888888888889,67.15277777777777,67.15277777777777,-9.236111111111114,6.3273286225355285,Free
1,Exp2_3,1.0,82.43243243243244,69.55405405405405,69.55405405405405,-12.878378378378386,6.408327459312284,Free
1,Exp2_30,-1.0,58.108108108108105,50.229729729729726,50.229729729729726,-7.878378378378379,7.21338039041157,Free
1,Exp2_30,0.0,63.63636363636363,58.83116883116883,58.83116883116883,-4.805194805194802,7.268280506246989,Free
1,Exp2_30,1.0,57.89473684210527,60.3421052631579,60.3421052631579,2.44736842105263,7.177303918683435,Free
1,Exp2_31,-1.0,85.33333333333334,58.46666666666667,58.46666666666667,-26.866666666666674,6.917941768688389,Free
1,Exp2_31,0.0,77.92207792207793,56.701298701298704,56.701298701298704,-21.220779220779228,6.76770792682385,Free
1,Exp2_31,1.0,80.26315789473685,58.86842105263158,58.86842105263158,-21.394736842105267,6.7652105340230095,Free
1,Exp2_32,-1.0,71.42857142857143,57.48051948051948,57.48051948051948,-13.948051948051948,6.083056161754372,Free
1,Exp2_32,0.0,76.0,58.906666666666666,58.906666666666666,-17.093333333333334,6.028052745639588,Free
1,Exp2_32,1.0,73.97260273972603,59.45205479452055,59.45205479452055,-14.520547945205479,6.1087018814117675,Free
1,Exp2_33,-1.0,72.0,62.76,62.76,-9.240000000000002,6.264480422004753,Free
1,Exp2_33,0.0,70.4225352112676,65.4225352112676,65.4225352112676,-5.0,6.329748884337059,Free
1,Exp2_33,1.0,60.60606060606061,66.31818181818181,66.31818181818181,5.712121212121204,6.467352379411455,Free
1,Exp2_34,-1.0,87.01298701298701,70.9090909090909,70.9090909090909,-16.103896103896105,6.433904111150048,Free
1,Exp2_34,0.0,84.0,74.01333333333334,74.01333333333334,-9.986666666666665,6.4246077485925035,Free
1,Exp2_34,1.0,81.81818181818183,75.03896103896103,75.03896103896103,-6.779220779220793,6.36226363596286,Free
0,Exp2_35,-1.0,68.75,63.85,63.85,-4.899999999999999,7.0739111065322735,Observed
0,Exp2_35,0.0,76.25,70.6625,70.6625,-5.587500000000006,7.157396932531613,Observed
0,Exp2_35,1.0,72.5,64.8375,64.8375,-7.662499999999994,7.126032062842491,Observed
0,Exp2_36,-1.0,70.0,56.8375,56.8375,-13.162500000000001,6.631052492717394,Observed
0,Exp2_36,0.0,70.51282051282051,56.6025641025641,56.6025641025641,-13.910256410256409,6.592560849756071,Observed
0,Exp2_36,1.0,75.0,56.95,56.95,-18.049999999999997,6.709070517830403,Observed
1,Exp2_37,-1.0,83.11688311688312,49.98701298701299,50.01298701298701,-33.12987012987013,6.457313519387484,Free
1,Exp2_37,0.0,76.25,51.85,51.85,-24.4,6.378088228888391,Free
1,Exp2_37,1.0,83.54430379746836,50.24050632911393,50.24050632911393,-33.30379746835443,6.363989284195215,Free
0,Exp2_38,-1.0,72.5,68.6875,68.6875,-3.8125,7.42448142716861,Observed
0,Exp2_38,0.0,73.75,70.45,70.45,-3.299999999999997,7.394304358756733,Observed
0,Exp2_38,1.0,83.54430379746836,70.65822784810126,70.65822784810126,-12.886075949367097,7.372905745787153,Observed
0,Exp2_39,-1.0,76.25,72.4375,72.4375,-3.8125,6.402315113964638,Observed
0,Exp2_39,0.0,81.25,78.9375,78.9375,-2.3125,6.28753078319641,Observed
0,Exp2_39,1.0,81.25,83.2125,83.2125,1.9625000000000057,6.369436786693178,Observed
1,Exp2_4,-1.0,79.74683544303798,85.75949367088607,85.75949367088607,6.0126582278480925,6.162963550990418,Free
1,Exp2_4,0.0,75.64102564102564,84.52564102564102,84.52564102564102,8.884615384615387,6.269063219053145,Free
1,Exp2_4,1.0,82.27848101265823,86.25316455696202,86.25316455696202,3.9746835443037867,6.202605628770588,Free
0,Exp2_40,-1.0,75.0,68.0875,68.0875,-6.912499999999994,6.603768594864822,Observed
0,Exp2_40,0.0,75.64102564102564,67.12820512820512,67.12820512820512,-8.512820512820511,6.511441270352191,Observed
0,Exp2_40,1.0,72.15189873417721,70.84810126582279,70.84810126582279,-1.3037974683544178,6.664458717082267,Observed
0,Exp2_41,-1.0,71.25,58.575,58.575,-12.674999999999997,7.073692813181519,Observed
0,Exp2_41,0.0,79.74683544303798,59.44303797468354,59.44303797468354,-20.30379746835444,7.076472027109194,Observed
0,Exp2_41,1.0,75.0,64.9625,64.9625,-10.037499999999994,7.122910363950671,Observed
0,Exp2_42,-1.0,72.5,67.4125,67.4125,-5.087500000000006,6.574062663404556,Observed
0,Exp2_42,0.0,73.41772151898735,68.17721518987342,68.17721518987342,-5.240506329113927,6.487107658080861,Observed
0,Exp2_42,1.0,78.75,72.1,72.1,-6.650000000000006,6.57478792602509,Observed
1,Exp2_43,-1.0,88.46153846153845,69.7948717948718,69.7948717948718,-18.666666666666657,6.493816872390303,Free
1,Exp2_43,0.0,95.0,67.475,67.475,-27.525000000000006,6.47648863325355,Free
1,Exp2_43,1.0,82.27848101265823,68.67088607594937,68.67088607594937,-13.607594936708864,6.541625669036789,Free
1,Exp2_44,-1.0,69.01408450704226,60.76056338028169,60.76056338028169,-8.253521126760567,6.054240703255874,Free
1,Exp2_44,0.0,73.01587301587301,64.23809523809524,64.23809523809524,-8.777777777777771,6.121718909269825,Free
1,Exp2_44,1.0,79.72972972972973,65.62162162162163,65.62162162162163,-14.108108108108098,6.082634294413424,Free
1,Exp2_45,-1.0,96.20253164556962,93.72151898734177,93.72151898734177,-2.481012658227854,5.963544768898672,Free
1,Exp2_45,0.0,83.75,92.975,92.975,9.224999999999994,6.159425510524519,Free
1,Exp2_45,1.0,87.34177215189874,94.82278481012658,94.82278481012658,7.48101265822784,5.973883975114809,Free
0,Exp2_46,-1.0,68.0,61.16,61.16,-6.840000000000003,6.0441027999714185,Observed
0,Exp2_46,0.0,76.81159420289855,68.84057971014492,68.84057971014492,-7.971014492753625,6.067161596470719,Observed
0,Exp2_46,1.0,76.0,74.26666666666667,74.26666666666667,-1.7333333333333343,5.9849133665833945,Observed
1,Exp2_47,-1.0,71.25,54.0125,54.0125,-17.237499999999997,6.074222699288703,Free
1,Exp2_47,0.0,75.9493670886076,56.949367088607595,56.949367088607595,-19.000000000000007,6.237492803594444,Free
1,Exp2_47,1.0,70.51282051282051,54.17948717948718,54.17948717948718,-16.33333333333333,6.062813859264693,Free
1,Exp2_48,-1.0,86.25,77.4875,77.4875,-8.762500000000003,6.395021287714126,Free
1,Exp2_48,0.0,83.54430379746836,81.49367088607595,81.49367088607595,-2.0506329113924124,6.376422856275431,Free
1,Exp2_48,1.0,88.31168831168831,84.11688311688312,84.11688311688312,-4.194805194805198,6.456312294859921,Free
0,Exp2_49,-1.0,68.35443037974683,59.25316455696203,59.25316455696203,-9.101265822784804,6.8042936462394765,Observed
0,Exp2_49,0.0,71.7948717948718,61.82051282051282,61.82051282051282,-9.974358974358978,6.812269854131614,Observed
0,Exp2_49,1.0,79.74683544303798,65.12658227848101,65.12658227848101,-14.62025316455697,6.790573967666551,Observed
0,Exp2_5,-1.0,72.15189873417721,79.55696202531645,79.55696202531645,7.405063291139243,6.483688296707565,Observed
0,Exp2_5,0.0,76.25,69.1375,69.1375,-7.112499999999997,6.492033036123168,Observed
0,Exp2_5,1.0,79.74683544303798,69.37974683544304,69.37974683544304,-10.367088607594937,6.48817802308572,Observed
1,Exp2_50,-1.0,80.0,52.92,52.92,-27.08,6.664519980844038,Free
1,Exp2_50,0.0,73.07692307692307,56.333333333333336,56.333333333333336,-16.74358974358973,6.760372715635894,Free
1,Exp2_50,1.0,76.62337662337663,59.12987012987013,59.12987012987013,-17.4935064935065,6.6056489382506225,Free
0,Exp2_51,-1.0,75.9493670886076,65.13924050632912,65.13924050632912,-10.810126582278485,6.651803554370967,Observed
0,Exp2_51,0.0,78.75,68.0375,68.0375,-10.712500000000006,6.642989769952715,Observed
0,Exp2_51,1.0,75.0,68.7125,68.7125,-6.287499999999994,6.673801230781619,Observed
0,Exp2_52,-1.0,69.44444444444444,60.638888888888886,60.638888888888886,-8.805555555555557,6.919199353013505,Observed
0,Exp2_52,0.0,70.66666666666667,62.70666666666666,62.70666666666666,-7.960000000000008,6.939335880856606,Observed
0,Exp2_52,1.0,83.11688311688312,63.142857142857146,63.142857142857146,-19.97402597402597,6.895545523548361,Observed
1,Exp2_53,-1.0,76.31578947368422,76.65789473684211,76.65789473684211,0.34210526315789025,5.9987574599205855,Free
1,Exp2_53,0.0,75.67567567567568,79.04054054054055,79.04054054054055,3.3648648648648702,6.128403846635886,Free
1,Exp2_53,1.0,72.97297297297297,82.37837837837837,82.37837837837837,9.405405405405403,6.000725155508698,Free
0,Exp2_54,-1.0,82.5,74.9,74.9,-7.599999999999994,6.808246596891212,Observed
0,Exp2_54,0.0,75.0,68.85,68.85,-6.150000000000006,6.85687850711532,Observed
0,Exp2_54,1.0,75.0,81.675,81.675,6.674999999999997,6.905912905618459,Observed
1,Exp2_55,-1.0,87.34177215189874,84.68354430379746,84.68354430379746,-2.6582278481012764,5.900125257215529,Free
1,Exp2_55,0.0,86.07594936708861,83.81012658227849,83.81012658227849,-2.2658227848101262,5.981648063612305,Free
1,Exp2_55,1.0,87.5,89.25,89.25,1.75,5.923950143970208,Free
1,Exp2_56,-1.0,50.63291139240506,56.379746835443036,56.379746835443036,5.746835443037973,7.007738994813638,Free
1,Exp2_56,0.0,60.75949367088608,57.848101265822784,57.848101265822784,-2.911392405063296,7.088976193255432,Free
1,Exp2_56,1.0,59.49367088607595,56.64556962025316,56.64556962025316,-2.848101265822784,7.015745424722092,Free
0,Exp2_57,-1.0,72.15189873417721,54.40506329113924,54.40506329113924,-17.746835443037966,6.818266107008408,Observed
0,Exp2_57,0.0,67.94871794871796,60.256410256410255,60.256410256410255,-7.6923076923077005,6.96264798345601,Observed
0,Exp2_57,1.0,65.0,52.475,52.475,-12.524999999999999,6.944228715842489,Observed
1,Exp2_58,-1.0,86.07594936708861,96.41772151898734,96.41772151898734,10.341772151898724,6.248281253615157,Free
1,Exp2_58,0.0,88.60759493670885,98.81012658227849,98.81012658227849,10.202531645569636,6.18825278342933,Free
1,Exp2_58,1.0,92.40506329113924,98.75949367088607,98.75949367088607,6.35443037974683,6.17426040592908,Free
1,Exp2_59,-1.0,73.75,65.4625,65.4625,-8.287499999999994,6.413548320917312,Free
1,Exp2_59,0.0,72.5,72.025,72.025,-0.4749999999999943,6.476048906064436,Free
1,Exp2_59,1.0,65.0,70.625,70.625,5.625,6.464774214255208,Free
1,Exp2_6,-1.0,83.33333333333334,81.53846153846153,81.53846153846153,-1.7948717948718098,6.571793259241881,Free
1,Exp2_6,0.0,77.5,82.425,82.425,4.924999999999997,6.564577315180533,Free
1,Exp2_6,1.0,83.54430379746836,83.43037974683544,83.43037974683544,-0.11392405063291733,6.576843675170598,Free
0,Exp2_60,-1.0,77.21518987341773,72.16455696202532,72.16455696202532,-5.050632911392412,6.659556113886612,Observed
0,Exp2_60,0.0,75.9493670886076,65.9493670886076,65.9493670886076,-10.0,6.699766258603487,Observed
0,Exp2_60,1.0,74.35897435897436,74.51282051282051,74.51282051282051,0.1538461538461462,6.5885655218079275,Observed
1,Exp2_61,-1.0,55.69620253164557,46.65822784810127,53.34177215189873,-9.037974683544299,5.783681501349189,Free
1,Exp2_61,0.0,55.00000000000001,56.7875,56.7875,1.7874999999999943,5.836179871086914,Free
1,Exp2_61,1.0,54.43037974683544,58.63291139240506,58.63291139240506,4.202531645569621,5.83470207933811,Free
1,Exp2_62,-1.0,56.57894736842105,66.25,66.25,9.671052631578952,6.405918267619619,Free
1,Exp2_62,0.0,59.72222222222222,69.63888888888889,69.63888888888889,9.916666666666664,6.586173714638058,Free
1,Exp2_62,1.0,73.33333333333333,83.53333333333333,83.53333333333333,10.200000000000003,6.509574658099987,Free
1,Exp2_63,-1.0,74.68354430379746,72.64556962025317,72.64556962025317,-2.0379746835442916,6.967450036682271,Free
1,Exp2_63,0.0,73.75,81.3125,81.3125,7.5625,6.851992230033849,Free
1,Exp2_63,1.0,73.75,83.325,83.325,9.575000000000003,6.9045724155452275,Free
1,Exp2_64,-1.0,60.75949367088608,55.734177215189874,55.734177215189874,-5.025316455696206,6.521721039315745,Free
1,Exp2_64,0.0,61.53846153846154,70.67948717948718,70.67948717948718,9.141025641025642,6.43038913225029,Free
1,Exp2_64,1.0,51.24999999999999,78.875,78.875,27.625000000000007,6.4506011044317955,Free
1,Exp2_65,-1.0,78.75,72.825,72.825,-5.924999999999997,6.464600551994491,Free
1,Exp2_65,0.0,73.75,71.875,71.875,-1.875,6.537198974405925,Free
1,Exp2_65,1.0,77.5,72.9125,72.9125,-4.587500000000006,6.449315434903338,Free
0,Exp2_66,-1.0,73.75,51.375,51.375,-22.375,6.472294018869027,Observed
0,Exp2_66,0.0,83.75,51.0375,51.0375,-32.7125,6.447796981508167,Observed
0,Exp2_66,1.0,81.25,51.3125,51.3125,-29.9375,6.492922309722156,Observed
1,Exp2_67,-1.0,86.07594936708861,73.68354430379746,73.68354430379746,-12.39240506329115,6.153159144510027,Free
1,Exp2_67,0.0,75.9493670886076,68.54430379746836,68.54430379746836,-7.405063291139243,6.15521825809724,Free
1,Exp2_67,1.0,81.0126582278481,77.78481012658227,77.78481012658227,-3.2278481012658347,6.15131237995225,Free
1,Exp2_68,-1.0,77.5,61.3,61.3,-16.200000000000003,6.40132866941223,Free
1,Exp2_68,0.0,76.25,61.875,61.875,-14.375,6.449310423882129,Free
1,Exp2_68,1.0,76.25,65.2625,65.2625,-10.987499999999997,6.539676487608335,Free
1,Exp2_69,-1.0,90.78947368421053,61.0,61.0,-29.789473684210535,6.385969936653313,Free
1,Exp2_69,0.0,88.0,59.946666666666665,59.946666666666665,-28.053333333333335,6.664410679063848,Free
1,Exp2_69,1.0,71.23287671232876,59.89041095890411,59.89041095890411,-11.342465753424648,6.387665770641096,Free
1,Exp2_7,-1.0,78.75,78.8125,78.8125,0.0625,6.404236005310585,Free
1,Exp2_7,0.0,83.54430379746836,76.49367088607595,76.49367088607595,-7.050632911392412,6.293976869151559,Free
1,Exp2_7,1.0,85.0,82.1125,82.1125,-2.887500000000003,6.3116145407641655,Free
0,Exp2_70,-1.0,72.0,70.76,70.76,-1.2399999999999949,6.150921492117251,Observed
0,Exp2_70,0.0,64.93506493506493,61.12987012987013,61.12987012987013,-3.8051948051948017,6.323687477725949,Observed
0,Exp2_70,1.0,70.66666666666667,66.93333333333334,66.93333333333334,-3.7333333333333343,6.178328340704247,Observed
0,Exp2_71,-1.0,68.35443037974683,65.10126582278481,65.10126582278481,-3.2531645569620196,7.495985601104589,Observed
0,Exp2_71,0.0,73.41772151898735,65.27848101265823,65.27848101265823,-8.139240506329116,7.3748987581650844,Observed
0,Exp2_71,1.0,78.75,69.0125,69.0125,-9.737499999999997,7.391799287761008,Observed
0,Exp2_72,-1.0,76.25,63.1875,63.1875,-13.0625,6.801198117731777,Observed
0,Exp2_72,0.0,62.5,63.175,63.175,0.6749999999999972,6.841256994488061,Observed
0,Exp2_72,1.0,68.35443037974683,63.265822784810126,63.265822784810126,-5.088607594936704,6.884456813120447,Observed
1,Exp2_73,-1.0,70.83333333333334,65.98611111111111,65.98611111111111,-4.8472222222222285,7.156795669753527,Free
1,Exp2_73,0.0,58.22784810126582,62.949367088607595,62.949367088607595,4.721518987341774,7.149643063564215,Free
1,Exp2_73,1.0,73.75,68.15,68.15,-5.599999999999994,7.2357232545236005,Free
1,Exp2_74,-1.0,78.48101265822784,76.65822784810126,76.65822784810126,-1.8227848101265778,6.3509815664904545,Free
1,Exp2_74,0.0,80.76923076923077,77.33333333333333,77.33333333333333,-3.435897435897445,6.420758129160759,Free
1,Exp2_74,1.0,83.75,79.0625,79.0625,-4.6875,6.428174980810448,Free
1,Exp2_75,-1.0,58.75,66.575,66.575,7.825000000000003,6.369365900371468,Free
1,Exp2_75,0.0,65.0,65.7375,65.7375,0.7374999999999972,6.405843632129562,Free
1,Exp2_75,1.0,62.5,66.825,66.825,4.325000000000003,6.345838738618438,Free
0,Exp2_76,-1.0,85.52631578947368,64.03947368421052,64.03947368421052,-21.486842105263165,7.147370250871406,Observed
0,Exp2_76,0.0,73.33333333333333,57.44,57.44,-15.89333333333333,7.08837105645498,Observed
0,Exp2_76,1.0,78.48101265822784,66.29113924050633,66.29113924050633,-12.189873417721515,7.063482773325116,Observed
1,Exp2_77,-1.0,80.28169014084507,79.0,79.0,-1.2816901408450718,6.655411188205452,Free
1,Exp2_77,0.0,83.09859154929578,78.28169014084507,78.28169014084507,-4.816901408450704,6.513775323092135,Free
1,Exp2_77,1.0,85.5072463768116,81.02898550724638,81.02898550724638,-4.478260869565219,6.654764713600778,Free
1,Exp2_78,-1.0,75.64102564102564,62.62820512820513,62.62820512820513,-13.012820512820504,6.972397436266189,Free
1,Exp2_78,0.0,78.48101265822784,59.949367088607595,59.949367088607595,-18.531645569620245,6.95982623543739,Free
1,Exp2_78,1.0,69.73684210526315,68.39473684210526,68.39473684210526,-1.3421052631578902,6.995745362378439,Free
1,Exp2_79,-1.0,74.66666666666667,74.02666666666667,74.02666666666667,-0.6400000000000006,5.7908571513607905,Free
1,Exp2_79,0.0,73.33333333333333,76.66666666666667,76.66666666666667,3.333333333333343,5.80149612242911,Free
1,Exp2_79,1.0,75.34246575342466,80.28767123287672,80.28767123287672,4.945205479452056,5.785758656094068,Free
0,Exp2_8,-1.0,78.66666666666666,77.30666666666667,77.30666666666667,-1.3599999999999852,6.82122300413386,Observed
0,Exp2_8,0.0,75.0,78.375,78.375,3.375,6.843664894622172,Observed
0,Exp2_8,1.0,76.25,81.2,81.2,4.950000000000003,6.775125493490897,Observed
0,Exp2_80,-1.0,72.15189873417721,70.82278481012658,70.82278481012658,-1.3291139240506311,7.020593950037781,Observed
0,Exp2_80,0.0,77.92207792207793,72.66233766233766,72.66233766233766,-5.259740259740269,7.027044620847013,Observed
0,Exp2_80,1.0,75.64102564102564,72.2948717948718,72.2948717948718,-3.3461538461538396,6.987881042068794,Observed
0,Exp2_81,-1.0,73.75,60.7375,60.7375,-13.012500000000003,7.196908494293291,Observed
0,Exp2_81,0.0,83.54430379746836,59.89873417721519,59.89873417721519,-23.64556962025317,7.194226565404114,Observed
0,Exp2_81,1.0,75.0,63.15,63.15,-11.850000000000001,7.175532166700984,Observed
0,Exp2_82,-1.0,66.66666666666666,53.91025641025641,53.91025641025641,-12.756410256410248,6.291317625579688,Observed
0,Exp2_82,0.0,74.68354430379746,46.68354430379747,53.31645569620253,-27.999999999999993,6.274791984697069,Observed
0,Exp2_82,1.0,73.68421052631578,52.26315789473684,52.26315789473684,-21.421052631578938,6.223707357806692,Observed
1,Exp2_83,-1.0,78.75,66.1125,66.1125,-12.637500000000003,7.03519969205337,Free
1,Exp2_83,0.0,76.25,69.2,69.2,-7.049999999999997,6.954252806609006,Free
1,Exp2_83,1.0,81.25,73.75,73.75,-7.5,6.921035470838698,Free
1,Exp2_84,-1.0,66.25,67.4,67.4,1.1500000000000057,6.697777888831672,Free
1,Exp2_84,0.0,73.75,83.6875,83.6875,9.9375,6.817237510563329,Free
1,Exp2_84,1.0,70.88607594936708,88.17721518987342,88.17721518987342,17.29113924050634,6.780674612282438,Free
1,Exp2_85,-1.0,91.25,81.575,81.575,-9.674999999999997,6.435506798176894,Free
1,Exp2_85,0.0,77.5,82.55,82.55,5.049999999999997,6.48510929381006,Free
1,Exp2_85,1.0,87.5,81.2375,81.2375,-6.262500000000003,6.467344364924644,Free
0,Exp2_86,-1.0,78.2051282051282,60.38461538461539,60.38461538461539,-17.820512820512818,6.643075009852275,Observed
0,Exp2_86,0.0,78.2051282051282,63.17948717948718,63.17948717948718,-15.025641025641022,6.688864043537165,Observed
0,Exp2_86,1.0,75.9493670886076,64.49367088607595,64.49367088607595,-11.455696202531655,6.66298366014263,Observed
0,Exp2_87,-1.0,69.62025316455697,58.34177215189873,58.34177215189873,-11.27848101265824,7.25264525878071,Observed
0,Exp2_87,0.0,70.0,62.85,62.85,-7.149999999999999,7.117065952748012,Observed
0,Exp2_87,1.0,75.9493670886076,67.35443037974683,67.35443037974683,-8.594936708860772,7.156969773507002,Observed
1,Exp2_88,-1.0,68.35443037974683,61.25316455696203,61.25316455696203,-7.101265822784804,6.0465850033650685,Free
1,Exp2_88,0.0,59.74025974025974,64.50649350649351,64.50649350649351,4.766233766233775,5.986967833230262,Free
1,Exp2_88,1.0,57.89473684210527,73.17105263157895,73.17105263157895,15.276315789473678,6.08878929538496,Free
0,Exp2_89,-1.0,73.75,65.9375,65.9375,-7.8125,6.773183903397748,Observed
0,Exp2_89,0.0,75.0,60.2625,60.2625,-14.737499999999997,6.80973992395177,Observed
0,Exp2_89,1.0,81.25,72.1375,72.1375,-9.112499999999997,6.8222475096982675,Observed
1,Exp2_9,-1.0,60.273972602739725,73.47945205479452,73.47945205479452,13.205479452054796,6.406051531356294,Free
1,Exp2_9,0.0,54.929577464788736,76.02816901408451,76.02816901408451,21.098591549295776,6.39590698806891,Free
1,Exp2_9,1.0,56.75675675675676,76.4054054054054,76.4054054054054,19.648648648648646,6.2824114231275825,Free
1,Exp2_90,-1.0,68.75,66.425,66.425,-2.325000000000003,6.621337984422998,Free
1,Exp2_90,0.0,70.0,71.8375,71.8375,1.8375000000000057,6.634895327929638,Free
1,Exp2_90,1.0,73.75,72.0625,72.0625,-1.6875,6.7336668794920005,Free
0,Exp2_91,-1.0,77.77777777777779,65.77777777777777,65.77777777777777,-12.000000000000014,7.535292931877909,Observed
0,Exp2_91,0.0,73.23943661971832,66.83098591549296,66.83098591549296,-6.408450704225359,7.507624834497458,Observed
0,Exp2_91,1.0,72.85714285714285,64.72857142857143,64.72857142857143,-8.12857142857142,7.54157891907832,Observed
0,Exp2_92,-1.0,74.68354430379746,49.41772151898734,50.58227848101266,-25.26582278481012,6.372453386982004,Observed
0,Exp2_92,0.0,65.0,48.3875,51.6125,-16.612499999999997,6.399590913674525,Observed
0,Exp2_92,1.0,81.0126582278481,49.70886075949367,50.29113924050633,-31.30379746835444,6.499431391532767,Observed
0,Exp2_93,-1.0,65.38461538461539,63.15384615384615,63.15384615384615,-2.2307692307692335,6.339998273764697,Observed
0,Exp2_93,0.0,75.9493670886076,71.50632911392405,71.50632911392405,-4.443037974683548,6.304632451285473,Observed
0,Exp2_93,1.0,68.75,67.825,67.825,-0.9249999999999972,6.359324791359508,Observed
0,Exp2_94,-1.0,65.0,61.25,61.25,-3.75,6.987232526720246,Observed
0,Exp2_94,0.0,72.5,64.575,64.575,-7.924999999999997,7.060753577196071,Observed
0,Exp2_94,1.0,77.5,61.725,61.725,-15.774999999999999,6.910092972200674,Observed
1,Exp2_95,-1.0,62.16216216216216,50.351351351351354,50.351351351351354,-11.810810810810807,7.287890447702953,Free
1,Exp2_95,0.0,66.17647058823529,50.294117647058826,50.294117647058826,-15.882352941176464,7.308929657703583,Free
1,Exp2_95,1.0,58.108108108108105,50.4054054054054,50.4054054054054,-7.702702702702702,7.321254152251963,Free
1,Exp2_96,-1.0,79.72972972972973,50.66216216216216,50.66216216216216,-29.067567567567565,5.925890862540675,Free
1,Exp2_96,0.0,83.78378378378379,54.24324324324324,54.24324324324324,-29.540540540540547,5.960594384398262,Free
1,Exp2_96,1.0,77.63157894736842,55.171052631578945,55.171052631578945,-22.46052631578948,5.993505214751433,Free
0,Exp2_97,-1.0,76.25,53.2875,53.2875,-22.9625,6.3305643639488425,Observed
0,Exp2_97,0.0,73.61111111111111,55.02777777777778,55.02777777777778,-18.583333333333336,6.502993613222296,Observed
0,Exp2_97,1.0,67.53246753246754,55.23376623376623,55.23376623376623,-12.298701298701303,6.372942892837314,Observed
1,Exp2_98,-1.0,70.0,44.9875,55.0125,-25.012500000000003,7.147656815366105,Free
1,Exp2_98,0.0,62.33766233766234,56.935064935064936,56.935064935064936,-5.402597402597401,7.023482098295102,Free
1,Exp2_98,1.0,64.93506493506493,66.7012987012987,66.7012987012987,1.7662337662337677,7.045125133076919,Free
0,Exp2_99,-1.0,75.64102564102564,71.26923076923077,71.26923076923077,-4.371794871794862,6.641168925497793,Observed
0,Exp2_99,0.0,78.75,77.975,77.975,-0.7750000000000057,6.624499547410811,Observed
0,Exp2_99,1.0,68.75,68.6875,68.6875,-0.0625,6.628468476923416,Observed
