participant,pe_wt,pe_wt_v,bel_noise,ll,AICc,n_trials
3,0.14084582193178427,0.0050166062971868436,29.99999981999397,-1039.724569453755,2085.561814963848,217
4,0.11898727455087649,-0.016864074133302584,0.00012054443359410527,-910.5383070021984,1827.1800622802589,236
6,0.48105358187506725,0.03330067919066162,7.475558395385741,-975.4037404437966,1956.9104851794386,237
7,-0.01206971508546507,0.01247203892164724,0.0002722167968753908,-1002.4443826760129,2010.9908930116003,239
9,0.048890727842720666,0.02987254483652605,6.790161132919081e-06,-970.4383907512187,1946.9889310351475,218
18,0.3836493047860467,0.14803002647527683,9.728196334838866,-937.8382816394783,1881.7881911859333,219
20,-0.04539868267085825,-0.0012080192268698981,0.043534388542175506,-975.5722376842768,1957.2540644096496,223
22,-0.07216726375074545,0.049314562645729955,0.02543357320129891,-993.4046788738202,1992.9179550327083,225
25,0.015215350201356918,0.043961769731525005,2.0392077585309747,-1035.1930537266758,2076.4900035572477,235
27,-0.011260090751064626,0.01577326839386206,2.7298927340879686e-07,-965.4156637445435,1936.9361309825367,233
30,-0.10244209968225607,0.05513146203599954,2.7298927340879686e-07,-1054.9481180224873,2116.0038593633603,227
31,-0.2530789803109203,-0.06804668580844121,26.640508518218994,-1092.5788897829314,2191.2649224230054,228
32,-0.22445479185671469,0.026167812845015244,20.337753982543944,-1098.998555998966,2204.1057092829997,225
33,-0.00344280241066304,0.060683845290810494,23.54090366363525,-1087.0709749274006,2180.257334470186,212
34,-0.06204483139289549,0.02685734246659699,0.018679672479629872,-947.8623680938697,1901.831402854406,229
37,-0.5173570217805676,0.006088815036387175,24.858543100357053,-1142.39326034486,2290.889968965582,236
43,0.420666109904986,-0.0930473404411988,29.90975950360298,-1090.499589819403,2187.1021839306513,237
44,-0.19321404762300606,0.06211571199306271,14.182889989744872,-999.9447021450491,2006.0070513489216,208
45,1.7148047707674499,0.46569193581750745,3.0348380661010745,-751.0797152593212,1508.2619946212067,238
47,-0.3370467937616121,-0.005909131343925607,19.14697425842285,-1164.654200448594,2335.4114051890338,237
48,-0.03092445403321068,0.02735382998709393,6.790161132919081e-06,-914.9591766009706,1836.0218014778034,236
50,-0.34087201336031286,0.08704705760313818,20.63206946372986,-1120.9280431159568,2247.962280922179,230
53,-0.057662225646150665,0.01943727033555104,6.790161132919081e-06,-890.3292418737726,1786.767574656636,224
55,0.01974477566346632,0.036336443032687224,2.050399780628709e-06,-884.3861146409081,1774.8747933843804,238
56,-0.20404288155082909,-0.00976211547819625,2.7298927340879686e-07,-1165.2031570766594,2336.5093184451644,237
58,1.9788400035156515,1.1349144189257057,0.4955186235904696,-604.2788984014388,1214.6608010947232,237
59,-0.09492026790905075,0.014170783218235429,1.336157364845276,-1080.0866298274666,2166.274954570187,240
61,-0.14888781311135565,0.06436470894926655,1.248717311774783e-07,-1123.0012400913342,2252.1050442852325,238
62,-0.027863021092261988,0.08759972901872697,0.07415561676025417,-1032.7910984281339,2071.691785897364,223
63,0.044356202939084134,0.1161374807112528,2.4176263427734375,-1056.9989430096623,2120.100013678899,239
64,-0.030358481506094468,0.16101716628826,1.3783574281944766e-08,-1132.425448291631,2270.9539008751076,237
65,-0.04183329721635845,-0.013635006260611322,0.11572332382202166,-1014.059296121303,2034.2202871578602,240
67,0.2465038930076892,0.11319797599018873,15.142391957044602,-1063.488683324842,2133.0803709415295,237
68,-0.11389955437248948,0.03396283717104477,6.790161132919081e-06,-1111.5505447037629,2229.2027843227797,240
69,-0.190257789640392,0.016767160188388912,25.371432676315308,-1061.9930242521132,2130.095139413317,224
73,-0.0627248005847763,0.010336788978576249,0.004860305786133168,-1065.2349865281308,2136.575699928508,231
74,0.9068965989807188,0.19849652267637766,29.999966049194335,-1083.8601983845035,2173.8234010608526,237
75,-0.011927061687495856,0.00407242382592526,0.06699854008853467,-1103.0991866066079,2212.30006812847,240
77,0.6039766103077623,-0.011284450202083468,29.9999992275238,-949.411100071721,1904.9381421724274,211
78,-0.010340979851869813,0.021608142701617327,21.582102489471435,-1144.4670252627334,2295.0388540189165,233
79,0.008180584669037438,0.03902541210967039,0.0002722167968753908,-946.0656305331332,1898.2408501073623,223
83,0.11886573922536313,0.20174025860559638,15.128102169036865,-1094.1770479797965,2194.455790874847,240
84,0.5724795782108184,0.6214604098293507,9.894334449768067,-1021.8023796995135,2049.7068870586013,239
85,-0.014827309712630354,0.004568051889985044,6.790161132919081e-06,-880.7469049191266,1767.5955047535074,240
88,-0.04514330951483107,0.07309785862500055,3.605633974501643e-06,-1070.3452307759371,2146.795724709769,232
90,-0.04130524718136935,0.015958845501892704,0.0002722167968753908,-1019.7920177457777,2045.6857304068096,240
95,-0.5611150757805883,0.017250944124214736,28.55134301126003,-1010.4558844246395,2027.024976396449,216
96,-0.5987207313384709,0.14525776379158406,29.971800017356873,-1080.6996007085183,2167.5082923261275,224
98,-0.12564417392162547,0.10961087493637678,1.3783574281944766e-08,-1102.469935206729,2211.044218239545,234
100,-0.07314632378275679,0.002226008542834742,0.019414335489273515,-1068.5597477876493,2143.2211904905525,240
101,2.037636122317292,-0.18587361231616206,26.798958740234376,-959.9202953951764,1925.9517019014638,220
102,-0.07378451520649237,-0.012564238134105654,6.790161132919081e-06,-982.3792030942694,1970.868497931658,222
103,0.2494610452342629,0.02332440353892471,29.999999968111513,-1101.168681506683,2208.4421665068157,233
104,0.008104625090591585,0.013399269637848333,2.050399780628709e-06,-931.5142965840787,1869.1302880834116,240
105,1.0608818564061506,0.8555175401199444,25.61161534309387,-1072.7683365065823,2151.638800672739,239
106,-0.05592301322932149,-0.004257927266261289,0.00012054443359410527,-957.7510317172591,1921.6055117103804,236
107,2.3973106196739713,0.15335302489966032,0.05879286527633676,-705.5353132687678,1417.1740748133977,236
108,-0.026836257135338742,0.0040478597424213805,2.050399780628709e-06,-937.3807416537381,1880.8653794113725,235
109,2.562733294176702,0.010908319323986075,1.248717311774783e-07,-601.0670303067826,1208.2375088894273,236
110,-0.062236023616315556,-0.004110739212423647,1.3783574281944766e-08,-1073.9489687688606,2154.000501640285,238
111,0.15039420287200875,0.07984163676359697,15.786289721727371,-1045.5819281672955,2097.265551249845,240
112,0.02262940613734277,0.01124201760998613,2.7298927340879686e-07,-1058.4435972366807,2122.9910905772576,235
113,0.02018324578180548,0.04552964746128213,13.860244445800781,-1137.4575535314912,2281.0176711655463,238
114,-0.11503842419001556,0.01026868728755583,2.050399780628709e-06,-1041.7394084358125,2089.587414156693,225
115,-0.10721930234254805,0.007501663195480027,6.790161132919081e-06,-1033.9040285989015,2073.9110614896485,237
116,-0.3795197230144008,0.03765866355680675,29.072432670593262,-1007.7000230861327,2021.5182727732506,207
117,-0.054724423467362115,0.008130294189514666,0.009713821411132972,-1024.5980467633944,2055.2990978186344,237
118,-0.08777574569705666,0.032433168418893814,6.790161132919081e-06,-973.7896336571413,1953.681394973857,239
119,-0.07070212789907586,0.022090093130377218,6.790161132919081e-06,-971.8428415055098,1949.7978325437298,218
120,0.5539999224228468,0.2147068205758842,29.999852294921872,-973.2065514114726,1952.5349302341126,201
121,0.13477036530402034,0.03394018026230144,12.474267129898072,-1093.0164040938644,2192.1376116811784,233
122,-0.3984802815128089,2.596080465867964,9.501036162376403,-889.6696311353716,1785.4629736109493,198
123,-0.08295748148231709,-0.003044810644189111,4.526227836976204e-09,-1147.5356465287196,2301.173857160003,238
124,0.1290118434690822,0.08110177997705557,0.00012054443359410527,-849.3716705002605,1704.8554905332312,218
125,-0.010864839013565346,0.09344180638995554,7.661764659881591,-1093.140347698097,2192.3864222684406,231
126,0.48238627958242064,0.040265910604565414,29.999852294921872,-1096.692638081211,2199.486971077676,240
127,1.7865373296375808,1.4165218524290317,5.409623210430145,-803.8177397793427,1613.7398273847723,234
128,-0.1660928213353292,0.013541366435458245,5.479644889831543,-1154.8722429368472,2315.8461807889485,240
129,1.0035106590802199,0.33210909375065567,10.839535399898887,-1024.0375969695926,2054.181860605852,229
130,-0.34939939279439275,0.05428647720818465,7.1286363029479975,-1101.6928837842838,2209.4883316711316,238
131,-0.03701379292875955,0.0071077211058849865,0.0002722167968753908,-964.1115558547971,1934.3256758121584,238
132,-0.13387941183476668,0.01073073106817129,10.247783193588257,-1104.9661366248083,2216.035277541462,237
133,-0.07808998269167754,0.012115028902951734,1.5206028079986575,-1045.1224160213558,2096.3465269579656,240
134,-0.05431371788459282,0.043182758416886145,0.00012054443359410527,-1026.8560390724638,2059.8146422474915,238
135,0.3038525316484693,0.05048735234397583,4.042561541497707,-936.5972071212329,1879.2961091577201,240
136,-0.15792467832138204,-0.010255066949351747,6.790161132919081e-06,-1033.0125976090173,2072.1268901332887,240
137,-0.09333912999426322,0.03191769100378541,28.46553466796875,-1164.074974349925,2334.252512802414,238
138,-0.45905149708385484,-0.02199370304462524,29.844539794921875,-1122.9047075687363,2251.9119792400365,238
139,-0.03258823073075569,0.012907889744177923,0.00012054443359410527,-913.124293769424,1832.3515918306935,237
140,0.38469702310943776,0.03446574196627248,3.7876448822021485,-904.8132354116135,1815.7281657384813,240
141,-0.03175634238198319,0.025884928897699656,6.790161132919081e-06,-979.9798547672711,1966.0622736371065,238
142,-0.10889565165997375,0.14269085389927594,0.0008789062500000888,-1079.1389497878397,2164.3795944909334,240
143,-0.30813814978260584,0.06480766461167772,7.4792743682861325,-1036.290726511718,2078.6930809304126,219
144,2.991445356946169,0.039333441296747367,6.790161132919081e-06,-608.849870901535,1223.805468675317,231
145,-0.18261271999939782,0.0112029246200446,0.000857577323913894,-1028.344159094261,2062.7954610456645,228
146,-0.029577612128491467,0.34608231658253663,18.019150414466857,-1110.6212900781388,2227.3473836497274,233
147,0.12334578277618333,0.0454625934885851,29.999852294921872,-1167.1298322789012,2340.3622286603663,238
