participant,generative_model,fitted_model,ll,n_trials,n_params,fit_time_s,true_sens_noise,true_sens_bias,true_p_lapse,true_pe_wt,true_pe_wt_v,true_bel_noise,hat_pe_wt,hat_pe_wt_v,hat_bel_noise,hat_sens_noise,hat_sens_bias,hat_p_lapse,hat_bel_bias_v,true_bel_bias_v,bic,aicc
0,bel_bias_v,bel_bias_v,-770.7587248159689,240,3,47.19948803900115,8.078773258094822,0.5716522792050858,0.05021029215395517,2.2125774201197776,,7.018671525489646,2.945519148099484,,2.050399780628709e-06,13.456600767129357,0.011087627808280343,1.7346308489737444e-09,1.595311164855957,2.1437821923080675,1557.9593664019637,1547.619144547192
1,bel_bias_v,bel_bias_v,-810.8422380278862,240,3,44.195638449999024,9.111393880623769,1.526300031503193,0.1,3.102326642664522,,1.9013947018935842,3.0789927000487265,,2.050399780628709e-06,11.96899633819802,0.3497903726079918,2.372085249970785e-09,0.7525348663330078,2.7375659372662753,1638.1263928257983,1627.7861709710266
2,bel_bias_v,bel_bias_v,-940.6926418883804,240,3,45.66997517799973,1.7575552882680043,-1.7748855008432798,0.04367360776798195,1.664868355324219,,12.202525406389057,0.3317095856574676,,5.241727828979492,2.248786190281218,-1.6049993454319924,0.02734184866247416,4.320350885391235,7.2313072902897,1897.8272005467868,1887.486978692015
3,bel_bias_v,bel_bias_v,-877.4048824316127,240,3,54.25450999500026,4.351909797913377,1.6541754909835564,0.0007453369130336268,-3.6292165889456167,,0.8711427816961416,-3.477477696293991,,6.790161132919081e-06,3.5217372477858797,0.8225367164942676,2.3344656071182264e-08,0.723724365234375,0.4138873015924374,1771.2516816332513,1760.9114597784796
4,bel_bias_v,bel_bias_v,-712.1811377927987,240,3,46.57059915900027,21.58131481757583,-1.7452344017633332,0.007078805737179665,1.5757122064853102,,9.435541835401084,3.0268163275438518,,0.0002722167968753908,19.799661861646744,0.3590448029614353,2.4700690596237944e-09,-0.059814453125,-1.999147538860545,1440.8041923556234,1430.4639705008517
5,bel_bias_v,bel_bias_v,-704.8157323592193,240,3,45.33416546099943,9.833222434081073,-4.7194051472616305,0.006380893486050977,1.5923870745408022,,2.491354104584991,2.861193014982192,,0.0057324218750003375,8.734854668247388,-2.511996859555444,0.011848740486100177,-6.044921875,-10.0,1426.0733814884645,1415.7331596336928
6,bel_bias_v,bel_bias_v,-661.3510384743993,240,3,50.81905154800006,5.830870341324191,0.3890348239082513,0.010202484435279996,1.6494999344213803,,0.3241382091114675,2.8549067050418455,,2.050399780628709e-06,5.375448490215935,0.1588129533016243,3.4707262094592873e-09,-2.8781557083129883,-7.179623865156751,1339.1439937188245,1328.8037718640528
7,bel_bias_v,bel_bias_v,-1104.8478896326392,240,3,29.66528791499877,4.718052367636379,1.217971507422917,0.006001464154171512,-0.021259647540062727,,12.243376932837307,-0.09049771790122664,,6.46460521697998,4.579704295092647,1.1367286727619215,0.014901458982071143,-1.0911750793457031,-0.07880461990358993,2226.1376960353045,2215.7974741805324
8,bel_bias_v,bel_bias_v,-743.3748230643027,240,3,33.82934862300317,7.03619917060554,-0.9927339560119363,0.011451433418145111,0.7498503527552557,,3.792094465965709,2.1393402354055095,,6.790161132919081e-06,6.3282171634999935,-0.8053662606555146,1.7555993136738371e-09,2.3023223876953125,0.9689402360662658,1503.1915628986314,1492.8513410438597
9,bel_bias_v,bel_bias_v,-1007.8824279204872,240,3,40.25652665300004,2.4322092162497695,-0.6957632837195573,0.04834538191899969,-2.2153988829482065,,3.062435365420173,-2.493513032881272,,1.822975883483887,2.811871489487615,-0.8638208853656926,0.013535862518285684,-1.5607261657714844,-2.022648616221922,2032.2067726110004,2021.8665507562287
10,bel_bias_v,bel_bias_v,-1126.7554981316732,240,3,25.518259624001075,9.970461176209781,3.3132132805425365,0.012128786573752404,-0.7039570176758545,,0.8121405827751373,-0.7939190367328135,,0.0008789062500000888,7.90434713492922,2.7815956450495714,0.030994857371945995,2.8271484375,5.196923540314752,2269.9529130333726,2259.6126911786005
11,bel_bias_v,bel_bias_v,-732.7183618267418,240,3,31.82993105499918,13.742698817835082,-1.6429804952029667,0.019670182106590158,0.9673939219058932,,3.5577220865186003,2.926922671718454,,6.790161132919081e-06,15.620750466054373,-0.43511696426793045,3.461721557534055e-09,-0.643310546875,0.10869990290508592,1481.8786404235095,1471.5384185687378
12,bel_bias_v,bel_bias_v,-1137.4110433233686,240,3,32.42734131600082,0.5728318470204118,-0.19575275936122113,0.04133099787604292,-1.455142054200308,,7.80304879840303,-1.3626128157468487,,10.287779669761658,1.0616723668367232,-0.6588369314295053,0.008353978590032436,-1.8386447429656982,-0.7894221748813548,2291.2640034167634,2280.9237815619913
13,bel_bias_v,bel_bias_v,-593.0579896514889,240,3,35.460370832999615,1.7140418403756987,1.6584211295597326,0.012305976881051483,1.74291847297034,,0.308847165914641,2.5331270007591074,,0.000894902944565068,2.1229910901885005,2.590576415356563,1.7344697035254769e-09,-1.570146083831787,-3.0563785057584836,1202.5578960730038,1192.217674218232
14,bel_bias_v,bel_bias_v,-818.4622724395364,240,3,37.54158512799768,12.560742602045615,-0.7836754474753123,0.0886987553720615,4.161847282389441,,12.280029119988798,2.9247161769293926,,2.7298927340879686e-07,13.333511530455109,-0.057250991993480334,2.8921005565516825e-09,-0.7769620418548584,-2.928004193499238,1653.3664616490987,1643.026239794327
15,bel_bias_v,bel_bias_v,-1101.8507896841822,240,3,32.40837744700184,4.068398106722386,-2.041627364102343,0.03152557972162329,-0.6193410934317688,,0.546442214786186,-0.6316819497923539,,0.00012054443359410527,3.9299293591102473,-1.4945571125722334,1.738654438674299e-09,-3.12286376953125,-2.1452458401096584,2220.1434961383907,2209.8032742836185
16,bel_bias_v,bel_bias_v,-1019.0853295722651,240,3,28.459866068998963,0.5567985827485571,1.708838034754841,0.00573932410487903,-1.822151812993402,,2.2741277136340403,-1.5862129313812572,,2.285968806743622,0.8877442112598491,1.4275369267711648,1.7544284258958565e-09,3.666653633117676,2.4147783296293888,2054.612575914556,2044.2723540597844
17,bel_bias_v,bel_bias_v,-931.3761067730939,240,3,32.26489804200173,16.33295362901796,-0.8181303064995379,0.03670201557271567,0.5336621009579489,,11.343803218754125,0.8992775913330191,,14.048394012451173,15.253426509197599,-0.9409811111909995,3.363046129188416e-09,4.7734832763671875,8.5742220065638,1879.1941303162137,1868.853908461442
18,bel_bias_v,bel_bias_v,-924.6401690146652,240,3,30.481100459997833,6.338979747611706,2.0682349769894524,0.001065168581489238,-1.908431860317534,,1.0540558774467264,-3.1808681150828186,,2.7298927340879686e-07,7.1003655625927795,1.9685046952950822,2.269174553996924e-09,1.290445327758789,0.30568936303992883,1865.7222547993563,1855.3820329445846
19,bel_bias_v,bel_bias_v,-681.3741950742078,240,3,28.014382740002475,2.2813527645915,-3.684255707132737,0.09315292884554703,2.2487923433234833,,0.8942086130540499,2.0850097540277424,,0.00012054443359410527,1.4155407790556627,-3.936268539733479,0.07546788915814619,-6.80084228515625,-10.0,1379.1903069184416,1368.85008506367
20,bel_bias_v,bel_bias_v,-745.3206261351884,240,3,38.65341261999856,4.363958854687758,1.5340723192021788,0.023942287935460355,1.2209484858169954,,4.512674356568981,1.401724075276642,,1.248717311774783e-07,4.837327467319572,2.0771919408787,6.382299343578894e-09,-10.0,-8.747738633278445,1507.0831690404027,1496.742947185631
21,bel_bias_v,bel_bias_v,-724.8826278593782,240,3,21.944795696002984,14.321792166716724,1.6110548501478732,0.00541045352833513,1.0230056064097286,,0.027357269901260754,2.886271986559623,,2.7298927340879686e-07,15.65551276016348,0.21164217206863314,7.072342765229591e-09,0.8247935771942139,-0.734087436412742,1466.2071724887824,1455.8669506340107
22,bel_bias_v,bel_bias_v,-972.0857285620178,240,3,32.19486608400257,13.59754677899904,0.19645991368489082,0.01765947396179324,-1.2767327646982578,,1.5444115430777243,-2.774707992777158,,1.248717311774783e-07,15.135056951606801,-0.11081807993756207,1.798740762744677e-09,2.0598769187927246,-2.006859051269187,1960.6133738940616,1950.27315203929
23,bel_bias_v,bel_bias_v,-1070.7541746482507,240,3,29.435162742000102,4.725575202464657,-1.0421580124362164,0.1,-0.23101735457677777,,0.7015339338789681,-0.19720390838019333,,0.05229946628212945,5.151256509476282,-0.6781094536264392,0.04843406630846274,3.670584559440613,4.057614142960693,2157.9502660665275,2147.6100442117554
24,bel_bias_v,bel_bias_v,-730.1843821859417,240,3,29.491094966000674,5.441349479287702,-2.3899614894962244,0.021868275532839238,1.3626792775304475,,0.6551318798065869,2.6314765817054075,,6.790161132919081e-06,5.781773650007609,-2.0423455358419043,0.016217941606915046,-7.496128082275391,-10.0,1476.8106811419093,1466.4704592871376
25,bel_bias_v,bel_bias_v,-1145.8507956897565,240,3,21.516294035998726,5.239502592710888,1.3077598039165834,0.007423104586025659,-0.8001612206423736,,4.1230621409610455,-0.8679948176332086,,4.6665862274169925,4.928459649734617,0.8236345997125606,1.8133487514507943e-09,0.08446693420410156,0.4416072556342677,2308.1435081495392,2297.803286294767
26,bel_bias_v,bel_bias_v,-775.5017574270428,240,3,23.420162460999563,4.3056983075258195,2.8402022962524502,0.008709089713139358,3.1148647581441895,,10.235598475162185,1.4003282852815018,,4.40137421399355,3.2443648511378567,2.443251186853409,1.0739404016079608e-08,1.5447720885276794,2.5312007291473613,1567.4454316241115,1557.1052097693398
27,bel_bias_v,bel_bias_v,-989.1540253162883,240,3,26.321246407002036,0.5,-0.7432865029447324,0.0043860947218964256,-0.06913078137284358,,10.59729245916004,-0.5922489752548844,,3.2402214050292972,0.5126378321369073,-0.845278791484785,2.746667159068805e-09,1.966395378112793,5.866920712868503,1994.7499674026026,1984.4097455478309
28,bel_bias_v,bel_bias_v,-930.9390948579335,240,3,40.60728910599937,9.909149412588473,-1.2241998021897613,0.0017883179615508836,-2.390185936217061,,0.6641447304347807,-3.3548569345975943,,6.790161132919081e-06,6.27665487422783,0.5131537611091888,1.775797260969316e-09,5.580177307128906,8.270251685915055,1878.320106485893,1867.9798846311212
29,bel_bias_v,bel_bias_v,-973.317246609315,240,3,30.495521958997415,22.102324527195027,0.43608152261637295,0.03475843347241758,-2.116492889648545,,8.103117717718485,-3.1942102840720423,,0.0031539916992189276,17.651225686792603,-0.09331043927254555,1.650221080895181e-08,-4.1030120849609375,-7.870462727053621,1963.076409988656,1952.7361881338843
30,bel_bias_v,bel_bias_v,-754.4115850753413,240,3,34.04591600799904,4.20979929061043,3.059874911518743,0.1,5.0,,3.476833231503704,2.612272428696811,,2.7298927340879686e-07,5.3895885791658555,2.6515879052987184,0.03546914705576233,5.711822509765625,7.521521544170651,1525.2650869207087,1514.924865065937
31,bel_bias_v,bel_bias_v,-894.7025800936775,240,3,39.543919593998,3.8295619395074154,-1.7771601650625888,0.01521941500923991,-2.7230185615218208,,2.2451530305594254,-3.121905147138178,,0.25175447463989276,3.255802467170598,-2.788898529028297,7.939824969954025e-09,5.271453857421875,5.71783172064766,1805.847076957381,1795.5068551026093
32,bel_bias_v,bel_bias_v,-815.9001160242092,240,3,41.06148869700337,13.378702583300882,-2.5701978508210157,0.1,0.6482685369871715,,5.014672639035726,2.2147509404146954,,1.248717311774783e-07,7.737083076055455,-0.09974336594885573,0.06450121055241145,8.725563287734985,7.923947477995327,1648.2421488184443,1637.9019269636726
33,bel_bias_v,bel_bias_v,-1001.9016635984499,240,3,37.06350717400346,6.287340512276238,0.6977832299651696,0.009929809436316548,-2.494938953587543,,5.917696810598024,-2.7902163848823878,,6.790161132919081e-06,6.959068803613045,0.7344574061711155,2.045550517857216e-09,-7.384796142578125,-5.101073606816008,2020.2452439669257,2009.905022112154
34,bel_bias_v,bel_bias_v,-952.0883415516478,240,3,35.33614621000015,14.72384563498293,-4.312874619517847,0.05724729637518092,-4.66085061962033,,2.343834728544176,-3.3128250947589533,,0.0009144544601444871,11.675671098764907,-1.7228483472934846,2.5351035067262034e-09,1.493368148803711,2.610630115056232,1920.6185998733215,1910.2783780185498
35,bel_bias_v,bel_bias_v,-958.5133530199248,240,3,33.74826749299973,7.629447228870209,-3.791627830163754,0.09599253078554904,-4.129353176180256,,2.728668417223205,-3.2936911388780237,,0.09309570312500037,6.656661009788114,-3.174259815581894,0.01594889044641801,0.2099609375,1.7260250383258282,1933.4686228098756,1923.1284009551039
36,bel_bias_v,bel_bias_v,-1001.0911275215475,240,3,37.84787392499857,8.973829487378485,0.3959511566825096,0.0286067323953789,-1.4813918873097653,,7.97022275707422,-2.956099531588248,,6.790161132919081e-06,8.543697840093676,1.662026741829545,8.845012805260248e-09,-0.7193756103515625,0.014379060532324925,2018.624171813121,2008.2839499583492
37,bel_bias_v,bel_bias_v,-657.9582437045003,240,3,37.407212375997915,5.437670611735045,2.189180248048264,0.0014729182127081483,0.7093529232168718,,0.15803370077449358,2.632542111240296,,2.7298927340879686e-07,4.856502053997343,2.1019250117308954,2.0308886342892778e-09,-2.3135054111480713,-0.5510526068796748,1332.3584041790266,1322.018182324255
38,bel_bias_v,bel_bias_v,-842.2645204504718,240,3,41.53727623599843,14.50755419727866,-1.6051915704008228,0.05164842761337785,4.805650261271744,,22.05323819400882,2.506247001383767,,6.790161132919081e-06,13.851734774582347,-0.3421994271153201,3.7316722207089246e-09,1.8443679809570312,-0.6915899093037202,1700.9709576709695,1690.6307358161978
39,bel_bias_v,bel_bias_v,-1104.1651394743442,240,3,47.310554970998055,10.028446740232674,-2.768234786840806,0.01070783127416207,-0.006287009644038858,,7.7648447779886896,-0.01096751540925767,,6.842736268043518,9.833988944079916,-0.4327688374432039,1.7577346538689857e-09,-5.471034049987793,-4.848615975233063,2224.7721957187146,2214.4319738639424
40,bel_bias_v,bel_bias_v,-734.884584859594,240,3,29.462833113997476,2.589924911642168,0.45015735357275893,0.07062421002127625,0.7831763356827237,,0.6882457043449758,1.4636871191579177,,0.10434552669525177,2.52296768933316,0.9601123505096061,0.05416906723712744,-9.114909172058105,-8.20413132897354,1486.211086489214,1475.8708646344423
41,bel_bias_v,bel_bias_v,-1191.801342216554,240,3,36.21680041400032,26.401906254423835,-3.3746811499648266,0.0867130875303359,-0.23367595796609103,,1.7396795803620082,-0.22248508140873946,,0.00012054443359410527,24.42489233479508,-1.3819266949562878,6.494337992038063e-09,-0.7147216796875,-1.1535201202493641,2400.0446012031343,2389.704379348362
42,bel_bias_v,bel_bias_v,-794.1296506949296,240,3,36.58848350399785,11.079551883110781,0.6608417512811373,0.0006915563272317017,0.5767222559714299,,0.9068823054396964,0.8531612216106379,,6.790161132919081e-06,11.253426875338478,0.8031383436874889,5.836056665261098e-09,5.422019958496094,2.5167170102473606,1604.7012181598852,1594.3609963051135
43,bel_bias_v,bel_bias_v,-758.8448368756303,240,3,34.90530451499944,5.333057504247524,-2.1754719642720293,0.009102212675242591,0.5190023780173424,,3.3109762403944827,0.7308437743688629,,0.9839030408859255,5.241061521032387,-2.494443018152917,5.919660033879975e-09,-1.224064826965332,0.28564613885497736,1534.1315905212866,1523.791368666515
44,bel_bias_v,bel_bias_v,-892.5103354982728,240,3,37.38520312200126,3.21852740909582,1.9157264863783776,0.1,0.4391635529435225,,4.9873329781864015,0.8416640845889061,,4.809020795822144,3.144277834892727,1.074564805036104,0.03531079740011295,-4.39969539642334,-2.435963151019678,1801.4625877665715,1791.1223659117998
45,bel_bias_v,bel_bias_v,-920.4671039889641,240,3,38.6919643029978,3.703643354171589,-3.1564255440921216,0.0025586674898225785,-2.1133724673087575,,2.2708621112600462,-2.3981727608893317,,0.10148508071899442,3.1861453641571833,-2.795737863417547,1.775703627443034e-09,-3.7180328369140625,-4.279672971895022,1857.3761247479542,1847.0359028931825
46,bel_bias_v,bel_bias_v,-884.5970612612566,240,3,38.974725025000225,5.074890574614738,1.2677936094357631,0.06193233043347044,0.22407427785188805,,0.31439126552335517,0.25859155026944236,,2.189558506011963,4.025703685322107,1.2158879003286212,1.847095317643725e-09,0.257568359375,-0.6660279675559316,1785.6360392925392,1775.2958174377675
47,bel_bias_v,bel_bias_v,-947.907683008406,240,3,47.39260642999943,7.903100352276418,0.5147316065763978,0.1,-4.123905019542822,,0.8783451372389818,-3.3824957439686503,,6.790161132919081e-06,6.740378375014473,0.8063623806614125,0.01628994726370508,8.107223510742188,7.54246499640732,1912.257282786838,1901.9170609320663
48,bel_bias_v,bel_bias_v,-733.9345130460753,240,3,38.20775293399856,2.3558960436598007,-0.40078819355187,0.00044953580244724595,0.28381867613190775,,1.0381884329231683,0.34743177778306433,,6.790161132919081e-06,2.324400668541256,-0.515127772681059,7.672107514972747e-09,-3.6063385009765625,-2.8890787141231056,1484.3109428621765,1473.9707210074048
49,bel_bias_v,bel_bias_v,-1020.8733405745452,240,3,30.603875167002116,8.44758603641522,-2.4525550931269624,0.019543899950085705,-1.0821749791394923,,0.19916988585392575,-1.6928627988150422,,0.04770893335342441,7.120542876863196,-1.8611788808123164,0.0161862892183607,-9.528975486755371,-6.465795314662827,2058.1885979191165,2047.8483760643446
50,bel_bias_v,bel_bias_v,-1113.6767339807095,240,3,31.08576521299983,4.002539363182548,2.311719148437736,0.1,-3.9333145233530526,,10.18884641508322,-1.560605541430364,,5.962941765785217,3.450602309349696,1.592051406318873,0.02499855601133596,-1.2900177389383316,-1.6766787513808783,2243.795384731445,2233.455162876673
51,bel_bias_v,bel_bias_v,-673.0513482992234,240,3,37.18106358699879,0.9576294796100309,6.293569792121644,0.04329392830357573,3.8388407546426992,,4.316186613739758,1.5577811302041842,,2.4172661209106447,1.155043165965968,6.23994366430694,0.025182636199666427,2.9959678649902344,2.6434123707328325,1362.5446133684727,1352.204391513701
52,bel_bias_v,bel_bias_v,-1114.0778014762618,240,3,46.51529509000102,14.801245684777044,-2.019567242738951,0.04960683830759328,-0.7705059221546153,,0.5839661934748898,-0.9108226450974473,,1.3783574281944766e-08,14.132333129097557,-1.1261305108918387,5.662577390039842e-09,3.799024298787117,5.339567140799016,2244.59751972255,2234.2572978677777
53,bel_bias_v,bel_bias_v,-752.8777145810518,240,3,42.29463489599948,16.966029306041584,0.7035820758230229,0.015072134686742171,1.387872658916609,,11.45333452887694,2.8882350178032867,,2.7298927340879686e-07,16.793661968640393,0.8891741885868444,2.2225372017564262e-09,3.175586462020874,3.7436596774411104,1522.1973459321296,1511.8571240773579
54,bel_bias_v,bel_bias_v,-715.3438839061188,240,3,49.4923512710011,14.641050818311172,-0.44784228535633386,0.028627350697910888,2.196842495042185,,2.1773932924525092,2.9914116989950306,,0.05744144082069402,9.288228276120762,0.1261264882357313,1.970367589098251e-09,-0.8629092574119568,0.6234130531574638,1447.1296845822635,1436.7894627274918
55,bel_bias_v,bel_bias_v,-677.0395590033165,240,3,38.773438670999894,4.291400025710956,-2.9838960763290125,0.044669946592979536,3.67881996046552,,0.3858231804178186,2.8967956295529365,,1.3783574281944766e-08,4.801662639587829,-2.541195083141412,6.092364390114864e-09,-0.00841192901134491,-1.2313117594928074,1370.521034776659,1360.1808129218873
56,bel_bias_v,bel_bias_v,-702.491036392535,240,3,33.650389124002686,11.683108192816519,1.1506848524352413,0.0038310651359727103,0.929910307683714,,0.18370268616591134,2.858033227483635,,1.3783574281944766e-08,9.824978759902079,1.1548412987797267,1.7496266147687896e-09,-4.65159110724926,-5.0113723075702845,1421.423989555096,1411.0837677003242
57,bel_bias_v,bel_bias_v,-984.4469850817796,240,3,45.195949406999716,18.645697316940147,1.1381900675903456,0.02957040656660823,-2.2106424425708595,,4.652031205928434,-3.157412321117901,,6.790161132919081e-06,17.606725120717307,0.26241757708868435,5.114866840704536e-09,3.846893310546875,4.86402396993928,1985.3358869335852,1974.9956650788135
58,bel_bias_v,bel_bias_v,-747.0901135658474,240,3,41.80267935200027,3.399395984790612,-3.8430062037411807,0.023639739456328617,1.683996335444033,,7.143022781811428,1.742444103997668,,2.8920243167877198,3.043254753737797,-2.8421540850992364,0.01385443680726518,7.325711250305176,4.9043361199239275,1510.6221439017208,1500.2819220469491
59,bel_bias_v,bel_bias_v,-1073.126801709539,240,3,31.984314776000247,2.5524198552648025,-2.185373985261127,0.0290130199884533,-1.8340998562893467,,6.036183271709243,-1.3735335767259251,,3.0447915649414066,2.601640080556949,-2.015759686149917,0.026551179803200074,3.2562255859375,2.370264202466529,2162.695520189104,2152.355298334332
60,bel_bias_v,bel_bias_v,-1030.0229980778004,240,3,31.18208341999707,17.873239934824646,-1.5655972619833185,0.08832000573730145,-1.5476668166463956,,4.811929146364054,-2.4662702610364575,,6.790161132919081e-06,14.697740364230722,-1.193031003800455,1.7876553440190914e-09,1.3006591796875,4.201620096893996,2076.487912925627,2066.1476910708548
61,bel_bias_v,bel_bias_v,-701.9937295600361,240,3,32.11162879599942,0.6521549803468535,-0.9006876111696812,0.1,1.1732805146045577,,1.7924176652693307,2.0476929740563374,,1.248717311774783e-07,1.7732334690195717,-0.5514293212215468,0.08413668446225367,-5.3484198451042175,-2.654705732466228,1420.429375890098,1410.0891540353264
62,bel_bias_v,bel_bias_v,-1036.875460296747,240,3,35.1326799740018,3.879242336251245,-2.056635949763715,0.020600934037169828,-0.12168054850755634,,3.3608281924701737,-0.1270636112467365,,2.860995469093323,4.239356176345854,-2.8498258396011544,2.054573184403573e-09,1.3675928115844727,1.3982303168617303,2090.19283736352,2079.852615508748
63,bel_bias_v,bel_bias_v,-754.7402588484008,240,3,41.68419761599944,21.302824886458325,0.9896070539629028,0.029703851217576252,3.629329696140104,,0.8047078384209284,3.1196103165979756,,0.024838251769542907,19.441068112143366,0.08622906252964958,6.596629304295098e-09,0.7254812121391296,1.6311076093750965,1525.9224344668276,1515.5822126120559
64,bel_bias_v,bel_bias_v,-1125.2434707735117,240,3,38.917901990000246,7.937347474411906,-1.8377602352215991,0.006961332712049697,-0.7125010835346718,,5.642473682830394,-0.7321288008925021,,0.00012054443359410527,7.229436968501343,-0.5874600430847897,1.7359474893878034e-09,6.94580078125,7.080665639394894,2266.9288583170496,2256.5886364622775
65,bel_bias_v,bel_bias_v,-849.2277834902407,240,3,43.436106709999876,6.622206592486926,-1.6071898552699369,0.06457950403058046,4.816056350373991,,14.99207664072898,2.0659541805738817,,5.335655235350131,5.545331358925701,-1.3844979882284174,0.03205827033419132,0.827157199382782,0.7663159880264845,1714.8974837505073,1704.5572618957356
66,bel_bias_v,bel_bias_v,-1100.0001867402311,240,3,44.14171584200085,4.911040723044773,-0.6546457316674678,0.0895380991997254,-1.0588886426527107,,4.626449301941153,-1.092195537796501,,0.11078923225402848,6.267122221076288,0.09631976253897291,0.04837335912686491,-1.0699653625488281,-0.44533599082167086,2216.4422902504884,2206.1020683957163
67,bel_bias_v,bel_bias_v,-721.459021929478,240,3,42.85973617399941,11.337018267432493,2.0959318297000054,0.05081768354766505,3.608500351364471,,3.234128947812308,2.756288228824907,,1.3783574281944766e-08,7.2124914522089885,1.3567849895193875,0.048867180816724795,-3.086368516087532,-6.67853605524149,1459.359960628982,1449.0197387742103
68,bel_bias_v,bel_bias_v,-1010.2947440823367,240,3,43.801527985000575,8.375730550440519,0.9671243093198147,0.1,-2.094797942292996,,3.329591477052593,-3.2689292003170114,,1.248717311774783e-07,14.1799721100419,-0.3315965484760596,4.7356273522438e-09,-0.8974200487136841,-2.9250032041849225,2037.0314049346994,2026.6911830799277
69,bel_bias_v,bel_bias_v,-912.3131804492164,240,3,42.21252971300055,4.590877193786983,0.5681041750084089,0.03179699487257326,-2.1348630389386893,,1.8069511658066721,-3.1885368893508796,,0.00024140834808372702,4.6274120590489956,0.2783199422412511,2.220160517254805e-09,-7.722034454345703,-8.098234845143054,1841.0682776684587,1830.728055813687
70,bel_bias_v,bel_bias_v,-674.8371948927148,240,3,39.248383739999554,3.904368407236874,1.0264583165156342,0.02599228049190512,1.2462763287128298,,2.5594894451326526,2.88831634693814,,6.790161132919081e-06,5.5185255987358826,1.1909372959142153,2.73145338060531e-09,1.11846923828125,0.8654863413253069,1366.1163065554556,1355.776084700684
71,bel_bias_v,bel_bias_v,-676.0339249192284,240,3,40.18471913800022,7.120407729008981,1.0543770626317968,0.03912511085178025,3.99250624017397,,3.2593255671316452,2.9715366133650924,,6.790161132919081e-06,6.95459832183914,1.0221401244533177,0.016568758537041973,0.3779792785644531,3.8861413578091897,1368.5097666084828,1358.169544753711
72,bel_bias_v,bel_bias_v,-1093.825012960378,240,3,35.370972767999774,2.859320965974809,-0.8784173308134918,0.030842403738065925,-0.9568271772587833,,5.09324661464004,-1.0074763466019496,,2.0615867269039154,2.161021348408093,-0.2848051470879549,0.07647935269370724,3.8191208243370056,5.392448224204646,2204.091942690782,2193.75172083601
73,bel_bias_v,bel_bias_v,-714.4750177060204,240,3,34.75291713600018,12.950523977205178,-2.0758800395867785,0.03479808629432182,1.829598395616645,,1.0302057461400969,2.9615623349264095,,6.790161132919081e-06,12.291425288564747,-1.2789911603896242,5.368428541482689e-09,-4.499931335449219,-10.0,1445.3919521820667,1435.051730327295
74,bel_bias_v,bel_bias_v,-895.5173339462543,240,3,33.46369386399965,2.2984610416273,0.09801398948287358,0.003083689638548693,-3.551960348338221,,2.119861412086202,-2.3800849517543083,,6.790161132919081e-06,2.320162113414445,0.012069056688254415,0.019861707257630076,-2.8292083740234375,-2.343332446887691,1807.4765846625346,1797.136362807763
75,bel_bias_v,bel_bias_v,-880.5928141242729,240,3,29.602314251998905,5.879372947332412,1.327540893980221,0.030663886418766197,0.23720953184076315,,0.7289787224753754,0.3295702758058935,,6.790161132919081e-06,7.716984249030044,0.624697151095608,7.85638753013602e-09,-1.8111419677734375,-1.4872277717103977,1777.6275450185717,1767.2873231638
76,bel_bias_v,bel_bias_v,-817.5693871699697,240,3,45.004007535997516,9.402405085208425,1.9273959185088942,0.05708017806283189,2.014323671306911,,14.592965193487718,2.617649319132454,,2.050399780628709e-06,12.184104226079791,2.186313858488165,5.2941052197109014e-09,-1.4233732223510742,1.9763216174173337,1651.5806911099653,1641.2404692551936
77,bel_bias_v,bel_bias_v,-1065.5574817464303,240,3,29.602683593999245,8.720550842632376,1.2246268468587254,0.05827685556185445,-1.8266874479055144,,10.899903402595664,-1.8227321669906222,,5.484616603255272,7.778513282956325,0.9413254800520883,1.8680127394560814e-09,6.109910011291504,5.800535014803593,2147.556880262887,2137.2166584081147
78,bel_bias_v,bel_bias_v,-688.2498534588257,240,3,26.959396075999393,4.179682677101066,-2.5585730315672013,0.06582162094385467,1.852926181613649,,2.356517579411657,2.7387859878237673,,0.0004238891601566763,3.877967839031515,-2.267807642216714,0.01710549299805246,-0.00885009765625,1.822112184169886,1392.9416236876773,1382.6014018329056
79,bel_bias_v,bel_bias_v,-944.2992617038607,240,3,33.485134468999604,8.957015203185128,-0.748974442210532,0.053758859689503835,-2.341337256851616,,4.169475494554579,-3.22326770405297,,6.790161132919081e-06,7.505193560935246,-0.11321514369555351,3.2419634841916356e-09,-0.6850433349609375,-2.473867553659262,1905.0404401777473,1894.7002183229756
80,bel_bias_v,bel_bias_v,-938.2347343320982,240,3,25.672056999999768,7.278260580256587,3.094413750104497,0.007606548562238653,-1.8062673021367424,,2.036129677391994,-3.1178023272029254,,2.2118915588009713e-09,6.4895891665963905,2.6854226207141054,0.015646668247824912,10.0,10.0,1892.9113854342224,1882.5711635794507
81,bel_bias_v,bel_bias_v,-1024.3186159245315,240,3,35.566889387999254,13.033676357239433,1.0115195948252202,0.05406134224805051,-1.4122545721735715,,5.730508553226726,-2.6459436072795817,,2.7298927340879686e-07,12.882534753683377,1.5314566058514159,3.1883380466868252e-09,1.1931073665618896,2.0249380095455827,2065.079148619089,2054.738926764317
82,bel_bias_v,bel_bias_v,-922.0510296964694,240,3,27.615441416000976,6.207779496726006,-0.44276871516797695,0.003118060580395388,-1.7644893499679983,,0.8910121546474399,-2.4573662268651186,,2.050399780628709e-06,4.548149091437389,-0.608864368972436,5.016429370196614e-09,3.365817070007324,4.175717677628352,1860.5439761629648,1850.203754308193
83,bel_bias_v,bel_bias_v,-933.4865123148803,240,3,22.920252597999934,4.458818406209608,-2.678259129706969,0.05501094503186657,-1.9668356391818307,,3.6322490831192074,-2.792504601700674,,6.790161132919081e-06,4.592563603451239,-3.234857535735159,3.271874737169317e-09,0.034503936767578125,-0.07968394638535736,1883.4149413997866,1873.074719545015
84,bel_bias_v,bel_bias_v,-651.663314618009,240,3,17.684090213999298,3.5077016995361583,0.08741677725505494,0.005865165794896036,1.6634840804199367,,2.7388286817176417,2.5113796424852692,,2.7298927340879686e-07,3.0630610900832247,0.4532489688792521,0.0471245739850652,0.2569723129272461,0.6878252304530773,1319.768546006044,1309.4283241512724
85,bel_bias_v,bel_bias_v,-1130.7907335164355,240,3,21.665908096001658,7.375214333701718,-0.3681947695926458,0.1,-0.19988287593761023,,3.2488083156318415,-0.1916653992078679,,2.5997848510742188,7.0534355703782,-0.9361745360033482,0.04891660590978062,-3.38897705078125,-3.0858108608970753,2278.023383802897,2267.683161948125
86,bel_bias_v,bel_bias_v,-894.6790044449195,240,3,19.598092123000242,2.2698939843340256,-1.4981140555361583,0.03256804856768569,-2.2734931365112794,,1.2190538493032301,-3.0658836483864578,,6.790161132919081e-06,2.0560883488185753,-1.4614258454280116,0.02117691295555127,-1.8025970458984375,-2.2633533463881377,1805.799925659865,1795.4597038050933
87,bel_bias_v,bel_bias_v,-693.3822522130262,240,3,19.209702502001164,3.003791496385781,-2.3261243859149388,0.03741095603758085,1.2349484472470822,,2.5237170219501186,2.469740304123529,,6.790161132919081e-06,3.5511053419943086,-2.1611939577122072,1.965510066829591e-09,-4.9738311767578125,-3.754943984481962,1403.2064211960783,1392.8661993413066
88,bel_bias_v,bel_bias_v,-971.7480655448907,240,3,18.55941319900012,10.4023000879401,-0.4432688103552262,0.008630945940261333,0.18228150772350124,,3.7613729929081705,0.2166030352205334,,2.177458635866642,13.135292962384094,-1.275148988577233,1.7361701543408423e-09,8.2820463180542,7.134324795721872,1959.9380478598073,1949.5978260050356
89,bel_bias_v,bel_bias_v,-811.0199572777897,240,3,18.364600307999353,11.995206754678549,0.7175021595999131,0.04528551952812457,0.45744679623776413,,0.24149640338907769,0.7063465483904947,,0.0002722167968753908,6.497868883669955,-0.40886385432394656,0.04870434380006014,2.020263671875,2.3147897028575604,1638.4818313256053,1628.1416094708336
90,bel_bias_v,bel_bias_v,-736.3126625590952,240,3,17.20393219000107,3.8118950828922444,2.412168544122426,0.014755557096272694,0.848708739163826,,4.965004689567721,1.0263616330870617,,0.013332184851170048,3.1689384958298277,0.9334180551036495,0.01900644551687167,-9.999848306179047,-10.0,1489.0672418882164,1478.7270200334447
91,bel_bias_v,bel_bias_v,-1033.1531424951754,240,3,19.038681584999722,11.710580490875568,0.20183965679565252,0.052814394324330945,-1.4075211847582878,,6.963475598684532,-2.3425902561151126,,0.11012329578399704,8.048701631750248,-0.546728782501026,0.047697260293854994,1.3265037536621094,2.2516795908383083,2082.748201760377,2072.407979905605
92,bel_bias_v,bel_bias_v,-1147.2360583019604,240,3,23.520414591999725,2.0113759529939195,2.869842133425828,0.03517684192239855,-1.7985649458554123,,13.096985636859575,-1.6966273817157767,,9.34707923412323,2.146880403208718,2.4800069736367956,0.020975391687256484,2.2901201248168945,1.9644418577131249,2310.914033373947,2300.573811519175
93,bel_bias_v,bel_bias_v,-1215.0065611716725,240,3,23.366115999000613,17.339305573480882,4.001574159606028,0.014784427640650006,-0.36337845529529933,,9.259684796512861,-0.3669989651907159,,6.790161132919081e-06,17.687531724051063,1.8761657724206116,4.809014207725286e-09,-9.503116607666016,-10.0,2446.455039113371,2436.114817258599
94,bel_bias_v,bel_bias_v,-1106.2676399020716,240,3,19.38172539900188,12.691936314761932,-0.34486923181302015,0.034480254800766,-0.8684255900603072,,8.45472239610896,-1.257796455378998,,5.922791247367859,6.490031376551275,-1.1308145717259712,0.03193701670712199,0.3863954544067383,0.9091229706068498,2228.9771965741693,2218.636974719397
95,bel_bias_v,bel_bias_v,-956.5761644069547,240,3,19.955873276998318,6.995982471308516,-0.3475907480066724,0.05819730124786998,-2.6599740579380637,,2.643778415420091,-3.1306243899902286,,0.16333541154861475,6.827857478280524,-0.40694936539719695,0.03346221920290938,9.999927282333374,10.0,1929.5942455839354,1919.2540237291637
96,bel_bias_v,bel_bias_v,-664.4478025893303,240,3,21.907956953000394,6.14123266194974,0.6842101806443114,0.001488232997617837,1.454221826365472,,2.5656803148322496,2.840759843361111,,6.048971321437335e-05,5.514902682482434,0.37332403279979826,2.63681024522315e-09,5.327189275994897,6.932169047196767,1345.3375219486866,1334.9973000939149
97,bel_bias_v,bel_bias_v,-1101.5582086526283,240,3,19.313975436001783,30.0,1.5380894106604008,0.012710730043626136,-0.8827074602895579,,3.4227723123924054,-1.1183057261337297,,2.050399780628709e-06,20.77869520828563,1.000821938804009,1.528066449352601e-08,-3.9263153076171875,-9.655586735190285,2219.558334075283,2209.2181122205106
98,bel_bias_v,bel_bias_v,-713.9142623483121,240,3,24.010639113999787,13.285299795549793,-0.027482116059388953,0.03905346226693022,3.0296058823322802,,2.1008473630589988,2.8854283604915087,,1.3783574281944766e-08,8.702547478870025,-2.1219938601647717,0.030878481149620225,-1.4891722053289413,-5.802951295644416,1444.2704414666503,1433.9302196118786
99,bel_bias_v,bel_bias_v,-1095.7039861522637,240,3,18.65310550799768,1.5272240669346706,-0.4886399950435508,0.0021597599992057436,-0.6727828287846801,,7.268360570952877,-0.6792902704072439,,6.012398805618286,1.3138521667502652,-0.1167133542304868,2.222824762258915e-09,2.45913028717041,3.138972439291132,2207.8498890745536,2197.5096672197815
100,bel_bias_v,bel_bias_v,-932.7562077234669,240,3,22.239628589999484,8.263670750867275,-0.7309006445503997,0.007580774904439155,0.16662838794755694,,0.8568500835287669,0.20707104943501012,,0.4148307037353516,8.221856338027303,-0.527816168007773,2.4170685914335056e-09,-1.9869232177734375,-2.258434006008933,1881.9543322169598,1871.614110362188
101,bel_bias_v,bel_bias_v,-695.9266612329341,240,3,24.46949393899922,2.1798388261955055,-1.0393376652433721,0.001254802127128107,0.7020906005019997,,3.4086771498843786,1.2995793311510433,,2.722573108673096,1.9093149413620212,-0.6264000950588978,1.7368808635360036e-09,-0.089569091796875,-1.3581403092129731,1408.295239235894,1397.9550173811224
102,bel_bias_v,bel_bias_v,-1026.5633549215327,240,3,22.61961402599991,14.06926274233638,0.7422324552240757,0.017942483078073414,0.12017970578943037,,5.320206282503589,0.17853526221434066,,6.004206128120423,12.604376034011285,-0.15989447670312337,7.307504483745766e-09,-0.9391653537750244,-2.430616488869049,2069.5686266130915,2059.2284047583194
103,bel_bias_v,bel_bias_v,-1073.9298774927736,240,3,23.117064967998886,17.719156111371568,1.5811577333963822,0.028147418370262575,-1.0693287041694606,,6.891016137286154,-1.3470221122708375,,1.2557781219482425,10.505054352024287,0.6135291157548032,3.085495718688953e-09,-3.28155517578125,1.114236291416637,2164.3016717555734,2153.961449900801
104,bel_bias_v,bel_bias_v,-817.0078160875008,240,3,18.830782615001226,1.8374467218469666,0.6147090507655348,0.006454064221753015,2.6058112601926298,,7.475202317307472,0.5855947115505427,,3.4546079206466676,2.020310948439884,0.4570891404887898,2.14691492155775e-09,-1.403040885925293,-1.654423473226064,1650.4575489450276,1640.117327090256
105,bel_bias_v,bel_bias_v,-779.2279363605548,240,3,21.159320565999224,11.140259575913735,-2.93985604780754,0.1,3.3230777993323772,,0.6405377945875361,3.0324823882367506,,0.0004238891601566763,8.674882500770895,-2.5378916559669014,4.61805604660411e-09,-0.9014892578125,-2.261108507786171,1574.8977894911357,1564.557567636364
106,bel_bias_v,bel_bias_v,-828.9017041298235,240,3,21.01757245799672,15.17270434036979,0.8271158610197035,0.1,1.2068766223661946,,0.6338301660514666,3.1183030915423595,,6.790161132919081e-06,22.256194153044966,-0.25219177970189266,2.235765829817951e-09,-0.4256439208984375,-5.044045194483486,1674.245325029673,1663.9051031749013
107,bel_bias_v,bel_bias_v,-747.4109741934169,240,3,21.71659619899947,0.7926543044740113,0.6519295722123066,0.014065754698692236,-0.6628564578756527,,2.0464323806788403,-0.6306799381808208,,1.2942637991905215,0.7073220611909976,0.9232464765883278,0.00804852419051149,7.478697299957275,7.147001171699631,1511.2638651568598,1500.923643302088
108,bel_bias_v,bel_bias_v,-1134.9305560791825,240,3,23.398780610998074,14.067860178897789,3.781272203917557,0.00046392455104916685,-0.7095905172255802,,2.208211871484014,-0.7460425002271355,,0.00012054443359410527,13.298096903675123,1.3910636519149215,1.2047165575886363e-08,0.06195068359375,1.017403847547796,2286.303028928391,2275.962807073619
109,bel_bias_v,bel_bias_v,-710.7007367675093,240,3,22.93501306899998,3.63365904027561,-0.31058216518419235,0.1,4.038377904396138,,0.41921284628245176,2.8097879023134227,,0.00028351075947297133,4.0838656167533935,-0.5441524246127167,0.046896120467529334,-1.0419682413339615,-1.4085329045113189,1437.8433903050445,1427.5031684502728
110,bel_bias_v,bel_bias_v,-895.2221882537389,240,3,24.318498279000778,24.130978539028337,-0.259977905052962,0.02813619413999085,0.48282076405228413,,0.023921803539830745,0.7579512104733731,,1.3783574281944766e-08,20.228354724276517,-1.0818045039684543,1.0128854544596946e-08,-4.516376629471779,-3.842425211177654,1806.8862932775037,1796.546071422732
111,bel_bias_v,bel_bias_v,-817.5997551881887,240,3,21.72577743000147,4.556985431199565,-1.790812619378817,0.04148030176519326,0.4340207833028174,,2.5336240546552884,0.9446710354122604,,4.039117660522461,5.262566188188613,-2.703458347164922,0.017628557824094556,4.812145233154297,2.086961469778498,1651.6414271464034,1641.3012052916317
112,bel_bias_v,bel_bias_v,-924.1981992604989,240,3,17.1241814970017,8.724834641091334,-2.6471404596947026,0.02511054358264606,0.3723796103361292,,7.427864428554144,0.5077326812618973,,7.769537353515625,9.371467002021486,-2.3325502020757227,3.2527490522120494e-09,10.0,7.223323993505712,1864.8383152910237,1854.498093436252
113,bel_bias_v,bel_bias_v,-1011.5481462559306,240,3,23.641503751998243,2.830438076230481,-0.5975132585397191,0.018248770160270152,0.5374392073332019,,11.513357630788345,0.26030352200986334,,8.016914978027344,3.773455792176039,-0.8304402844247634,1.7726954667323965e-09,4.30389404296875,3.1039929104745,2039.5382092818872,2029.1979874271155
114,bel_bias_v,bel_bias_v,-772.0835842300443,240,3,14.079559873000107,1.8450518629400579,-1.9785688787923992,0.045524882358133095,-0.20902168868753204,,0.7563605666930201,-0.15418222847022914,,6.790161132919081e-06,1.9300470925949167,-1.5001863147597811,0.0637441962354354,-10.0,-10.0,1560.6090852301145,1550.2688633753428
115,bel_bias_v,bel_bias_v,-969.362680479888,240,3,23.328285711999342,7.793102730532267,4.760406921678671,0.07974306489591038,-2.5594261774557716,,3.214618214810345,-3.4234452907792288,,2.050399780628709e-06,6.252227459152701,3.2728415656826835,2.2590434110753705e-09,0.06891727447509766,1.0875206608428871,1955.167277729802,1944.8270558750303
116,bel_bias_v,bel_bias_v,-1104.1163679301187,240,3,19.48722341300163,3.2852152008829516,-1.3903565403591922,0.08472663629037905,-1.4940082072652303,,5.973430338183494,-1.2342373301944363,,2.050399780628709e-06,3.648438390293574,-2.3749214810147388,0.0484142021837758,1.4128589630126953,1.0493778367218298,2224.6746526302636,2214.3344307754915
117,bel_bias_v,bel_bias_v,-993.6623070506694,240,3,20.174421933999838,6.669942012951935,-3.8039878760152765,0.00581233455671711,-2.8638400466905787,,8.594492786116415,-2.8074157288791755,,2.4854238891601566,6.339142283939759,-3.8301118112109935,2.4009022763868553e-09,4.5721435546875,5.008145517431232,2003.7665308713647,1993.426309016593
118,bel_bias_v,bel_bias_v,-655.9072907214235,240,3,21.783151330000692,6.0222650478087445,0.4141032766239496,0.009089323224622714,2.5958558470336355,,0.2880577881140476,2.968801282752299,,2.7298927340879686e-07,5.925628067633974,0.7931095440536561,0.01618119158574431,-0.03675103187561035,1.0661406908319286,1328.2564982128729,1317.9162763581012
119,bel_bias_v,bel_bias_v,-1035.3856008540367,240,3,22.247300405000715,5.560517508086406,-0.32121295919739695,0.05164682154631134,0.06935026483197212,,6.522940001709935,0.03706933837049808,,4.728172168433666,6.233388480063223,-1.0268047150958395,0.01585021964351947,7.065347358584404,6.5194985728129655,2087.2131184780997,2076.8728966233275
120,bel_bias_v,bel_bias_v,-717.886265086009,240,3,23.630717231000745,8.877053585481947,-0.9385765758628044,0.041665752961681575,3.141355950285724,,1.8717512223596364,2.9983028288934523,,1.3783574281944766e-08,8.370080022191948,-0.511368357568744,1.9040593234492757e-09,-3.6870165169239044,-8.129934512403254,1452.2144469420439,1441.8742250872722
121,bel_bias_v,bel_bias_v,-932.9385229309319,240,3,19.799991751999187,4.670351948584576,-0.8265566267301951,0.009672583952472842,0.21058016697555143,,3.7038002098809475,0.23225230451376225,,3.7356295561790467,5.648463937649313,-0.6944999811407438,1.8499295955958827e-09,-1.6611242294311523,-2.7351744262866617,1882.3189626318897,1871.978740777118
122,bel_bias_v,bel_bias_v,-999.921201225041,240,3,20.388995359000546,17.493593836778544,1.4608261573504138,0.1,-2.293508136001349,,5.985434465935845,-3.2448400933668013,,2.7298927340879686e-07,18.99887157474684,1.7334384100522562,1.8594025556128427e-09,-1.0033631324768066,-9.035620774111345,2016.284319220108,2005.9440973653363
123,bel_bias_v,bel_bias_v,-758.8144062832723,240,3,23.34966034199897,11.38102166792594,0.12221471082095967,0.01335750885152891,0.9236912483421159,,7.00279007467119,2.499236423411179,,1.248717311774783e-07,9.313560158300133,0.6472707833290697,6.766213167469029e-09,-3.279610276222229,-3.853852081628544,1534.0707293365706,1523.730507481799
124,bel_bias_v,bel_bias_v,-1039.3510101463037,240,3,19.671148959001584,8.912731881038468,2.5066595490393784,0.020182788868452345,-1.1667606266114456,,1.4546683965979021,-1.431598126208258,,6.790161132919081e-06,9.772587501291985,1.005696087255261,0.011603932972346593,-9.37215805053711,-6.495746889384212,2095.1439370626335,2084.8037152078614
125,bel_bias_v,bel_bias_v,-915.60855710222,240,3,21.384155227999145,18.3318337546476,0.4486961770768171,0.0018127709637147842,0.5229425325274426,,15.45049279230125,0.6026619530002897,,10.225567784011364,15.606431337067942,-0.44595430785956974,8.860006313448284e-09,0.3412085771560669,2.7196915787289786,1847.6590309744658,1837.3188091196942
126,bel_bias_v,bel_bias_v,-857.3457397564003,240,3,21.993872176997684,8.089140152513577,2.6261614182849202,0.05342739984634241,3.671395428410546,,19.20385459814888,1.7620841078287952,,6.935528945922851,7.358511853451632,1.6342198033012942,8.795423915752247e-09,2.5626373291015625,-0.23034369827527837,1731.1333962828267,1720.793174428055
127,bel_bias_v,bel_bias_v,-962.4068527794432,240,3,19.924207435000426,6.827562518694914,0.9816208263879365,0.0588993106014298,-1.9289150016648424,,2.391691495199354,-3.3275785403297844,,6.790161132919081e-06,7.263588333954189,0.8391954508021714,0.015888959713476855,-7.4958038330078125,-6.334008415752247,1941.2556223289123,1930.9154004741406
128,bel_bias_v,bel_bias_v,-1040.918453521363,240,3,22.58081961700009,11.088391126414228,4.281494297029584,0.06710287523525833,-4.67801676304231,,16.115999179169584,-2.021754415076959,,0.025580765008926587,8.782725093184181,1.6569155601085035,1.472764534244791e-08,-0.4139423370361328,1.2147633465341254,2098.2788238127523,2087.93860195798
129,bel_bias_v,bel_bias_v,-815.6218382871742,240,3,22.610317433998716,14.27356531570857,0.4819000157263864,0.0010565221446816205,0.5198297600835363,,1.0275198360323303,0.7710067978062765,,2.2118915588009713e-09,12.097405075345208,1.3740124802213074,3.498796463919176e-09,4.773437399417162,4.382738413391081,1647.6855933443744,1637.3453714896027
130,bel_bias_v,bel_bias_v,-1018.7738288366454,240,3,23.570360364999942,4.403074053103687,1.2722157426711402,0.028157534635405327,-1.4373183399836167,,4.019367180920877,-1.5967274395804385,,2.44003119468689,4.722673096355816,1.736726568326231,6.417385424192721e-09,-5.262589454650879,-4.722301678389572,2053.989574443317,2043.649352588545
131,bel_bias_v,bel_bias_v,-549.6018609971775,240,3,22.084665664999193,1.7595983549003216,-2.7049864119781666,0.0033895390170095383,1.3460568245827327,,0.07934531489792568,2.390166621321139,,2.050399780628709e-06,1.6439661824601728,-2.087937099690526,1.7942260952742215e-09,-1.4677762985229492,-1.6478688711385052,1115.645638764381,1105.3054169096092
132,bel_bias_v,bel_bias_v,-1153.773956897506,240,3,17.510662095999578,2.922710038636051,0.34333056714110116,0.008472850629110884,-0.999947159328615,,12.26626483119827,-0.9946669766561118,,11.07474166209344,3.513859664664698,0.01304035516595782,2.45765434754322e-09,6.219525821506977,6.092032821034451,2323.989830565038,2313.649608710266
133,bel_bias_v,bel_bias_v,-1162.6037495615997,240,3,19.124593918000755,20.338724239380205,-1.9940025512235378,0.00799070986634987,-0.7681871353360592,,13.895285588594923,-0.7322892818725678,,0.02369926489889629,18.478133087487684,-0.36900460601738455,2.4330233946609166e-09,-0.1421879231929779,-0.1633457959683981,2341.6494158932255,2331.3091940384534
134,bel_bias_v,bel_bias_v,-657.6161641427182,240,3,19.2854496689979,3.1158922213404123,2.153897957865113,0.003542595664003879,0.5135176845133913,,0.5778545858165209,1.1604935777789631,,0.0800726163387302,2.9559893121177905,1.6518140965335593,4.935323081208719e-09,5.032500922679901,3.218725117788244,1331.6742450554623,1321.3340232006906
135,bel_bias_v,bel_bias_v,-1191.5791208813496,240,3,15.909804581999197,16.284949986698155,0.0872443978197039,0.00967685521026524,-0.45772622424481646,,2.183674711457738,-0.46689353776964654,,2.7298927340879686e-07,17.79352278964646,0.6842424067513841,1.1335893336765343e-08,-6.827600002288818,-6.3994415390009625,2399.6001585327253,2389.259936677953
136,bel_bias_v,bel_bias_v,-1124.553565222981,240,3,21.622164304000762,6.9493018292581645,-2.7245800272097926,0.025032375343504446,-0.7328512028977685,,1.5488837207221704,-0.8732438864333979,,2.018841781616211,5.208352890872159,-1.3890918975336874,7.742632666553474e-09,-2.9436492919921875,-3.3467470847816023,2265.549047215988,2255.208825361216
137,bel_bias_v,bel_bias_v,-1079.8411922941716,240,3,20.59248595900135,2.967250612045971,-1.0430497654932853,0.07196324514118813,-0.6610976704284949,,1.7090451644954716,-0.7010948684797964,,0.05981183990836181,2.733321323523158,-0.5920045268009382,0.03683714113245611,0.3684858977794647,0.05732629690667315,2176.1243013583694,2165.7840795035972
138,bel_bias_v,bel_bias_v,-708.3578951167775,240,3,23.600697849000426,12.250769511877929,-1.2850131142937748,0.046524890114931446,1.2655160548180453,,2.465259816898836,2.8753831809894104,,2.7298927340879686e-07,7.5644654779689455,0.11368757646317182,0.016120569919662365,-1.37190580368042,-2.714251511645811,1433.157707003581,1422.8174851488093
139,bel_bias_v,bel_bias_v,-1093.4494744315932,240,3,22.731549033000192,7.041876450652933,-0.43882686859887543,0.1,-1.5567710912613588,,11.603245656626484,-1.5377913194178348,,1.3122979986667636,6.0069056852897305,-1.399164635183986,0.03336313250464992,-2.7837765216827393,-5.2045957704236665,2203.3408656332126,2193.0006437784405
140,bel_bias_v,bel_bias_v,-869.7841863931143,240,3,23.24254925200148,3.4011914744310348,4.725208025177428,0.1,0.7446317883662604,,7.934019109214185,1.4173030574039103,,7.321535110473633,3.5146012256205346,4.731388766531021,0.05954970616479131,-1.9968414306640625,-1.4745730125190981,1756.0102895562545,1745.6700677014828
141,bel_bias_v,bel_bias_v,-698.2236305139331,240,3,19.851339583998197,14.093397838000005,-2.0568150439352237,0.02669100218120722,1.2989978915914153,,1.5608296936961539,2.981099924291425,,2.7298927340879686e-07,10.519949954751795,0.21841193741299458,1.6141581131937685e-09,-0.1002645492553711,0.8425918783976225,1412.8891777978922,1402.5489559431205
142,bel_bias_v,bel_bias_v,-1002.0589833713746,240,3,24.08260887399956,7.1361780002321,-3.5430694214019995,0.0471189791367154,0.09802122245698369,,2.280006149619809,0.0732593463968926,,2.180880743563175,7.455307203499988,-1.4565930070954263,0.015948195450548062,0.3922315686941147,0.2685308780319235,2020.559883512775,2010.2196616580034
143,bel_bias_v,bel_bias_v,-703.5737769161559,240,3,23.26672179399975,13.085532181108299,0.7746145409912572,0.029359410768309023,2.5561293445267257,,2.828670613353016,3.033327667735344,,1.3783574281944766e-08,9.908545559490388,0.9686229234941863,3.3050369928327685e-09,1.4537350833415985,2.4259704499701398,1423.5894706023378,1413.249248747566
144,bel_bias_v,bel_bias_v,-664.0733047339563,240,3,22.360632800999156,5.996583075527017,0.8067734893447249,0.0014957010906513641,1.8089451124396365,,2.28027835561058,2.7248471432493724,,6.790161132919081e-06,5.393930092562146,1.25738333326816,1.7877156006817204e-09,5.8701324462890625,9.38326207057233,1344.5885262379386,1334.248304383167
145,bel_bias_v,bel_bias_v,-858.5185634515708,240,3,22.143352379993303,17.592156722912897,1.0373979418465553,0.03014831773621761,1.1304186976988702,,24.202499609695764,1.5903766949632037,,6.292570838928222,7.3407051069023925,1.0510863312589118,0.07972577531862221,1.8879318237304688,2.520645828114236,1733.4790436731676,1723.1388218183959
146,bel_bias_v,bel_bias_v,-1223.5557358327428,240,3,19.02954081400094,16.05031502441741,-3.326214646526616,0.1,-0.265385311018638,,14.086236163986246,-0.24962517685786162,,13.797831268310548,14.647564977594152,-0.32233415212735944,7.392433701525439e-09,-0.5635833740234375,-1.7815481308514793,2463.553388435512,2453.2131665807397
147,bel_bias_v,bel_bias_v,-851.2271019241306,240,3,20.304466355999466,7.240896417632592,-1.3409152203109118,0.027378036826154847,0.3492939931153143,,1.125285818410655,0.4517090870735303,,0.00012054443359410527,7.136250380294513,-1.4327464954751674,2.03106862059943e-09,-1.39984130859375,-0.08858572845191809,1718.8961206182871,1708.5558987635154
148,bel_bias_v,bel_bias_v,-1161.059372595371,240,3,19.656052932004968,2.613822127116486,1.0279244572390729,0.06059757239153847,-1.1405125632634854,,5.773913631382028,-0.9942008714322496,,6.644886779785157,3.650075421512804,0.8670290347678327,2.3352882067514977e-09,-0.145416259765625,-0.47164047189292424,2338.5606619607684,2328.220440105996
149,bel_bias_v,bel_bias_v,-780.9325899123222,240,3,19.41059689699614,8.76700906710934,-1.4975929621711195,0.013496291597014438,1.743307518862784,,11.661600886177737,1.870151308965745,,1.248717311774783e-07,7.887410121624223,-0.33119777739295586,3.4045617746675133e-09,3.236458897590637,0.5625068676543783,1578.3070965946704,1567.9668747398987
150,bel_bias_v,bel_bias_v,-1165.7815321170308,240,3,17.880003188001865,5.48820785465322,-1.916820397705614,0.011114440727873305,-3.418576983425157,,27.935367217906947,-1.3638526594177915,,14.632180938720703,5.594849271821235,-2.584120285740942,0.015670070713505718,4.7649383544921875,2.5938772952988067,2348.0049810040878,2337.6647591493156
151,bel_bias_v,bel_bias_v,-734.9334995024254,240,3,23.793970631995762,4.884342137533642,-1.259563616333974,0.002868800073729125,3.7956213262743477,,7.517372281933258,2.2241367940500036,,0.06167582511901859,5.014173272966931,-0.6615259201591609,1.7415039551375491e-09,7.245974540710449,3.6018795985509655,1486.3089157748768,1475.9686939201051
152,bel_bias_v,bel_bias_v,-1048.8062034134066,240,3,22.451918769002077,4.182575864054924,1.18161998385208,0.02180255800883355,-2.6443746866931837,,7.908185430954794,-1.650842582101551,,3.605078754425049,5.212905340211065,0.27595721054881983,2.3122717564340234e-09,-9.765034317970276,-8.395641322587725,2114.0543235968394,2103.714101742067
153,bel_bias_v,bel_bias_v,-709.4094107864912,240,3,23.995753338000213,5.931061358936746,0.8653959346357446,0.1,3.2290551641552536,,4.649466666189623,2.7923867333892924,,2.7298927340879686e-07,4.663481586831166,1.308886794955764,0.01573173114466153,0.4608595371246338,2.0686104073810414,1435.2607383430084,1424.9205164882367
154,bel_bias_v,bel_bias_v,-932.3707167407243,240,3,23.43850764999661,9.782847463246561,-5.245338641269873,0.00790522088576717,-3.8937458279164043,,4.223529369229913,-3.3383574664408315,,6.790161132919081e-06,7.755904066153735,-2.736056531712025,1.3619004965802258e-09,-6.6962432861328125,-8.16164080263977,1881.1833502514746,1870.843128396703
155,bel_bias_v,bel_bias_v,-1146.9803698651742,240,3,23.352538284998445,1.074892547214616,-3.778388209336031,0.027065829077960533,-1.5767355162506167,,21.673106867553344,-1.2144124040792303,,13.072422050237655,1.0508170079516923,-3.3415429843377558,0.023424521974662854,2.243105173110962,3.419905438954774,2310.4026565003746,2300.0624346456025
156,bel_bias_v,bel_bias_v,-1156.1249687639904,240,3,22.059714631999668,10.859986056014733,0.8641918806198151,0.07972722035852135,-0.25892826230749877,,0.2357723756195229,-0.23024791499854777,,4.526227836976204e-09,9.028849846942823,0.15709355760230928,0.029707991140535992,5.669576525688171,5.6593852286742585,2328.691854298007,2318.351632443235
157,bel_bias_v,bel_bias_v,-983.2226382408548,240,3,23.008080327999778,3.354696313632557,4.037576667561419,0.05734614401667204,0.002098658607516617,,5.658335744077256,-0.034029891143741796,,2.2052850341796875,4.348831856690489,3.702572764250521,0.026830196984617336,10.0,9.409849978045992,1982.8871932517357,1972.546971396964
158,bel_bias_v,bel_bias_v,-731.3642538434761,240,3,20.141039390000515,0.5,1.1409323522963064,0.1,0.9379026740884006,,2.085216908567759,1.6774001789040656,,2.2910367965698244,1.2538411281367141,0.8400004636168596,0.049600006805645025,0.5475616455078125,0.13798743426180585,1479.1704244569783,1468.8302026022066
159,bel_bias_v,bel_bias_v,-703.8037423862665,240,3,18.80323725299968,11.906228160523977,0.30601377753482367,0.0189155514369072,4.512697197604684,,2.1676933215004546,3.0228868599719734,,2.7298927340879686e-07,13.40459953574046,0.1915059279852141,2.365543077415396e-09,-1.1254525184631348,-1.401264542575973,1424.049401542559,1413.7091796877874
160,bel_bias_v,bel_bias_v,-746.7953222223119,240,3,22.302257112001826,4.5102157826312625,-1.9270853363557132,0.005074959600309803,1.6780004561975816,,7.041204671882973,1.6805192363528008,,3.039255523681641,4.057444484090503,-1.311913343436073,1.0093926321221318e-08,-7.186222076416016,-7.691809772988927,1510.0325612146498,1499.6923393598781
161,bel_bias_v,bel_bias_v,-1087.1056502725994,240,3,15.64385662600398,4.823064866599533,0.19863045390820214,0.05080907745673178,-0.9679467596788117,,0.36404347476842874,-1.0360509321417823,,0.00012054443359410527,6.345702617600341,0.020898636566533093,1.7611898842470775e-09,-0.08209228515625,0.37776676870244286,2190.653217315225,2180.312995460453
162,bel_bias_v,bel_bias_v,-721.990034729987,240,3,22.632641452000826,5.387973635715275,0.9512267980880998,0.009189606745373077,0.8301648500031762,,3.3870548373360823,2.4767494087422244,,2.7298927340879686e-07,7.925312179588341,1.3478164281238365,1.3373132693882554e-09,8.805419206619263,4.213588946018348,1460.42198623,1450.0817643752282
163,bel_bias_v,bel_bias_v,-1009.7794171247442,240,3,22.311376859004667,4.220303038217748,-1.1931121653370167,0.00810278360305763,-1.2562846631174882,,1.1653860845405297,-1.3989245064341458,,0.09873127937316939,4.851831788751509,-0.34164033844238045,6.4850146435493945e-09,-0.45461177825927734,-0.703877812711729,2036.0007510195144,2025.6605291647427
164,bel_bias_v,bel_bias_v,-1116.5843492535482,240,3,20.085453111998504,9.581664191595666,-3.5022376263070516,0.030947275168080886,-1.1389880053085486,,15.822887235308654,-1.2893958364596583,,8.353698720932007,6.871840203626942,-3.3293001397149844,0.031898214251278485,-9.012254178524017,-7.764219449364082,2249.6106152771226,2239.2703934223505
165,bel_bias_v,bel_bias_v,-719.3246074915662,240,3,22.062265212000057,15.017799168384109,2.7857140272012653,0.0447281493868926,2.18555545027569,,1.1128714861513789,2.930761511655359,,0.00012054443359410527,7.255991396075191,1.68898292321315,0.03204384028758209,-0.2728271484375,0.9150124805638928,1455.0911317531584,1444.7509098983867
166,bel_bias_v,bel_bias_v,-927.6432912713803,240,3,21.825500015002035,23.171234902605114,-0.798078086695007,0.04977940495945248,0.5395682603156259,,18.193864430657264,1.2636420687995682,,17.22667357325554,19.278332732226193,0.31784355802167,5.837680038177634e-09,-0.26770830154418945,0.0894978728749974,1871.7284993127867,1861.388277458015
167,bel_bias_v,bel_bias_v,-835.1745240162766,240,3,23.883758960000705,5.9795100733991635,-1.219556417183874,0.1,0.5696210461480538,,5.393510908798672,1.955929874350035,,1.248717311774783e-07,5.725662336339087,-1.8551969848882368,0.016669439139380335,-9.020319283008575,-2.020512258114311,1686.790964802579,1676.4507429478074
168,bel_bias_v,bel_bias_v,-979.8973973675129,240,3,20.211436205994687,11.868428802290039,-0.6149867379266131,0.02038205319383143,-1.7632421718891302,,0.4086572545639493,-3.167457058613832,,2.7298927340879686e-07,12.524499837571767,0.16291092804707435,2.4973059984556115e-09,3.816295862197876,2.2249571500767864,1976.2367115050517,1965.89648965028
169,bel_bias_v,bel_bias_v,-1180.0755807153962,240,3,22.995060399996873,3.5006905116598475,1.6542400990902355,0.029337094310712526,-0.499742632058255,,21.684063502891902,-0.5243683528007006,,14.369285335540772,3.3370880091775317,1.3746600058853502,0.012536670490560977,2.1720504760742188,5.783313098530423,2376.5930782008186,2366.2528563460464
170,bel_bias_v,bel_bias_v,-749.7851609432292,240,3,21.994616604999464,30.0,-1.1724410666957485,0.0061475831657009225,5.0,,1.2480305982159912,2.9290307116799896,,7.672478444886721e-05,22.59881160509813,-0.8169909494002761,3.0127796333802097e-09,-0.4497572360560298,6.027949869861642,1516.0122386564844,1505.6720168017127
171,bel_bias_v,bel_bias_v,-690.3952147293679,240,3,22.98430902599648,0.9339421268736352,0.7599902836252023,0.021704568185243918,0.28052733094169086,,1.0803283918955247,0.5179383744852593,,1.0511134493350984,1.1529362567272148,0.32093825709412616,1.878366202821142e-09,-7.2019025683403015,-5.35144463516021,1397.2323462287618,1386.89212437399
172,bel_bias_v,bel_bias_v,-800.3849253678277,240,3,19.372654227998282,7.158828420455155,-1.1964209326083537,0.1,3.6921428358364516,,2.861117304816113,3.1173778252980147,,0.011956321001052927,14.253367800647538,0.03837766044935946,8.745008228770224e-09,-0.5664491653442383,-1.1223159040405801,1617.2117675056813,1606.8715456509096
173,bel_bias_v,bel_bias_v,-772.2816580954044,240,3,19.58656286999758,3.6202707086812413,0.13385991863073599,0.06012616470526118,0.863321026840536,,0.8567296314328238,2.5638044551975785,,6.790161132919081e-06,4.711827156480121,-0.49981657014206265,1.104596905050455e-08,6.917457580566406,5.523984835210056,1561.0052329608347,1550.665011106063
174,bel_bias_v,bel_bias_v,-728.7108119571459,240,3,24.173094648998813,19.077436787597122,-0.5962787537324855,0.006055165215807475,0.9786439923586828,,3.2035350213699596,2.7719811196249715,,2.2118915588009713e-09,16.863103733854846,0.5455990275614582,1.886947543410548e-09,0.43277386110275984,1.4044982183266677,1473.8635406843177,1463.523318829546
175,bel_bias_v,bel_bias_v,-804.8558513393892,240,3,18.500552849000087,2.6321690822579176,0.5896705207451414,0.043236674087933726,1.0119405285220815,,5.735947724840625,1.871624630116816,,4.755601315498351,3.1335694494804773,0.29920624012596975,1.946063929207147e-09,-2.4904298782348633,-1.0034129225047863,1626.1536194488044,1615.8133975940327
176,bel_bias_v,bel_bias_v,-1142.7569444106496,240,3,18.77358262600319,30.0,1.3985816010380347,0.06885298451644009,-0.8692717894456133,,1.6376658506777315,-0.9286849492339595,,6.790161132919081e-06,24.288484629259674,0.4736290661677954,2.14598566796108e-09,3.0743026733398438,4.404140378843268,2301.9558055913253,2291.615583736553
177,bel_bias_v,bel_bias_v,-1085.9128493087,240,3,21.817197758995462,7.063300954093937,-0.2919642969629168,0.03154661859958395,-0.9641759186097106,,3.0936639004896453,-0.9998199812477815,,1.1769529283046725,9.100418080522207,0.4285000854480196,5.189404056616252e-09,9.339310824871063,7.8105834305803326,2188.2676153874263,2177.927393532654
178,bel_bias_v,bel_bias_v,-887.159190738106,240,3,22.18239318599808,8.853039172145477,2.087254053617409,0.02664867461013024,0.8432806346228509,,12.784011504199713,1.0275350776092598,,8.230469665527343,6.838517138532313,2.83584807281901,3.180274419928383e-09,-10.0,-10.0,1790.7602982462379,1780.4200763914662
179,bel_bias_v,bel_bias_v,-1000.7807484924892,240,3,20.06562950499938,17.270078865465774,0.7923954232198487,0.009331156417597661,-1.5099148899451913,,2.973634352947871,-2.688762152614299,,2.300793595314026,12.971874265903974,1.4155076302509975,2.4041064895436053e-09,2.3673152923583984,1.9305328027623605,2018.0034137550044,2007.6631919002327
180,bel_bias_v,bel_bias_v,-1167.76105039111,240,3,16.361741271000938,8.267851805020314,0.9454363316358956,0.013716501604147278,-0.6246327108975765,,4.0763832232941075,-0.6103252594883504,,0.0002722167968753908,7.5074120832539775,0.11919072857090808,0.015929000308154938,0.56884765625,-0.6735947323027586,2351.9640175522463,2341.623795697474
181,bel_bias_v,bel_bias_v,-789.7804748475604,240,3,19.124899532005657,14.975894655318578,4.396272683865462,0.1,1.703724149952288,,5.610859629055637,3.001814657933968,,7.5307488445197635e-06,11.15652050308048,0.2812603376922831,1.0140610817758059e-08,0.6903040409088135,6.617738677518008,1596.0028664651468,1585.662644610375
182,bel_bias_v,bel_bias_v,-896.6253849093162,240,3,20.67275707999943,12.116660437834135,-1.668678757873146,0.01158756868989153,0.7882435772278371,,19.660637287585732,0.7384318743260228,,7.307543334960938,6.493909452146555,-0.8156662751435659,0.015993971453159547,-2.01416015625,0.13184152503934804,1809.6926865886583,1799.3524647338866
183,bel_bias_v,bel_bias_v,-734.0953376054556,240,3,22.99502928400034,7.533297464345009,2.591916251318656,0.0644900589453736,1.3166707803133157,,0.07749815605772484,2.988620708346307,,6.790161132919081e-06,8.577374654279838,1.5882645241300488,2.802266792183765e-09,2.3486328125,2.6898571331001007,1484.6325919809371,1474.2923701261655
184,bel_bias_v,bel_bias_v,-1069.0732031896823,240,3,18.060294871000224,4.507950786550023,6.327631286647146,0.0184742548264553,-0.8515349874796629,,2.5263381233581694,-0.9115963032262775,,2.600092935562134,3.987750235352953,5.275103899790632,1.852419425544198e-09,-6.514692306518555,-5.965411799840013,2154.588323149391,2144.2481012946187
185,bel_bias_v,bel_bias_v,-801.2281054185565,240,3,22.593331132004096,7.431284798403306,-1.0251743625815324,0.1,1.046820884637293,,5.930477691046141,2.366066480587336,,0.00012054443359410527,7.002343463023015,-0.727874376492767,0.04834597897180579,-6.28936767578125,-6.175584257877155,1618.898127607139,1608.5579057523673
186,bel_bias_v,bel_bias_v,-657.8746449564876,240,3,20.674193778999324,8.999431065600419,-0.8886418246411124,0.0015217487689619588,2.1640060421502305,,3.6853671780113846,2.9281575387273606,,0.00014276206493413213,6.427990066176233,0.840190161500503,1.735662106120428e-09,2.239067852497101,3.338561313734887,1332.1912066830012,1321.8509848282295
187,bel_bias_v,bel_bias_v,-755.0710341111867,240,3,19.20432888600044,9.465557932537575,0.6203166813733287,0.1,1.2277751462861355,,5.032387014570352,2.684911525846256,,1.248717311774783e-07,6.526974077986488,0.20069363201665968,0.03302248658756964,3.849865198135376,9.407930035982766,1526.5839849923993,1516.2437631376276
188,bel_bias_v,bel_bias_v,-1006.8715953375522,240,3,26.460547443995893,25.6915046782108,0.748673971914835,0.019801943161951413,-2.5846553937218872,,0.22655698065436383,-3.161251161054806,,6.790161132919081e-06,25.400712337955554,0.32095225843458464,2.2088313593887267e-09,0.9027862548828125,2.5276725197952343,2030.1851074451304,2019.8448855903587
189,bel_bias_v,bel_bias_v,-1074.337723288314,240,3,22.715781933999097,25.534089653945248,-1.4066768350436119,0.02133724741470977,-0.9621259397411327,,1.618392094815948,-1.182697970430183,,6.790161132919081e-06,18.913150822818817,0.11544168652171055,2.3051857355664315e-09,4.91790771484375,4.3060866430358,2165.117363346654,2154.777141491882
190,bel_bias_v,bel_bias_v,-1117.8883850954724,240,3,21.592672224003763,0.667256248794169,0.7149713098315859,0.0006880470215080171,-1.1477699000246637,,6.410924393684504,-1.0754764416861977,,6.394079789817333,0.8003772376437839,0.3166154984235334,1.7993211136547434e-09,0.3511446714401245,0.8905187125524976,2252.218686960971,2241.8784651061987
191,bel_bias_v,bel_bias_v,-853.0212266594793,240,3,21.87948353200045,0.667559395627859,-0.8259358477021211,0.09704758804529622,1.284406956555754,,5.654373737314769,0.3162343931266103,,2.590855140686035,0.856749116538314,-0.7337063791523071,0.07475923447594415,2.1190261840820312,2.2390189797046016,1722.4843700889846,1712.144148234213
192,bel_bias_v,bel_bias_v,-973.0550783872246,240,3,25.685133705002954,10.445801887772586,2.3694401060188515,0.023777459559178395,-2.500471025155715,,2.384422493211983,-3.2456804944269515,,0.00012054443359410527,7.8834151185499906,2.4411466964172095,0.06405820684229635,-2.7337646484375,-3.222820985650486,1962.5520735444752,1952.2118516897035
193,bel_bias_v,bel_bias_v,-633.7744568245361,240,3,23.328360956002143,4.657149334443281,-2.3823752321904808,0.000930145457444426,3.636740223350188,,1.5889755535749017,2.856132535480213,,2.050399780628709e-06,4.646690861753765,-1.8533865090922543,2.066195530364769e-09,-1.7119884490966797,-2.3852348245082946,1283.990830419098,1273.6506085643264
194,bel_bias_v,bel_bias_v,-1068.8819528483605,240,3,23.630637893998937,7.818730957827539,4.225125633654329,0.07315341519915197,-0.1410699843804773,,0.12780170307232547,-0.11694599184493464,,0.10968694150447877,6.932754521283527,2.0750684183555395,0.03276161838159058,2.2867757081985474,2.809511148231202,2154.205822466747,2143.865600611975
195,bel_bias_v,bel_bias_v,-817.5529599550612,240,3,24.539448346993595,29.133790166824042,-3.2360025449426857,0.003922380708870708,0.6149055232574075,,4.789967985592915,1.3563481149969223,,2.7298927340879686e-07,22.086177648497653,-0.31763632593228175,2.193820826885827e-09,0.34935951232910156,-1.6744736537939549,1651.5478366801483,1641.2076148253766
196,bel_bias_v,bel_bias_v,-692.9953059337927,240,3,24.29192188700108,3.6373050952043102,-0.12802829446997493,0.1,3.2188370644174142,,0.6067491815320217,2.9303256608328283,,0.00012054443359410527,4.944673146188372,0.188363047613038,0.017977093216454118,-0.95458984375,-1.5390272560080942,1402.4325286376113,1392.0923067828396
197,bel_bias_v,bel_bias_v,-693.4166476126691,240,3,18.979421609001292,4.687883256824679,1.5146627097236849,0.013048073095924768,0.7619020766489365,,0.605141648838806,2.667440560874129,,0.00012054443359410527,5.4694712710117726,1.4627157644200304,0.01787377380712699,-3.32122802734375,-2.13263207182883,1403.275211995364,1392.9349901405924
198,bel_bias_v,bel_bias_v,-705.4678830793715,240,3,21.791091896004218,18.079008766138237,0.32467479070284105,0.016648498564113795,1.6460903121210206,,0.5954964426362637,3.0264754261943785,,2.7298927340879686e-07,16.368186564795597,-0.9323228583409853,2.0856308579439335e-09,-0.5565774440765381,-7.389712118979649,1427.377682928769,1417.0374610739973
199,bel_bias_v,bel_bias_v,-976.7177331378006,240,3,21.92894579100539,2.897298726189459,1.6050832379208002,0.1,1.2734745618924876,,14.909604662325261,0.8208730312147433,,9.80502431154251,3.4605302857878057,0.9585562791824963,0.017806446154398366,-0.6943929195404053,-2.06055488690282,1969.877383045627,1959.5371611908554
200,bel_bias_v,bel_bias_v,-717.209184659853,240,3,20.080475303999265,14.2913823726579,-0.5163076801001926,0.013705284246393064,1.237246079660465,,0.9423074290124422,2.9282637511723943,,6.790161132919081e-06,14.28641573040672,-0.09759795678342469,2.210426440279416e-09,2.0839691162109375,-0.1241651122458314,1450.860286089732,1440.5200642349603
201,bel_bias_v,bel_bias_v,-1046.3193432413375,240,3,17.39752814199892,6.375945699708377,0.7233512725181096,0.1,-2.1067345822957755,,8.945237778892842,-1.573622631253857,,0.0002722167968753908,6.497195582063243,1.3464113933194515,0.09501287810998688,8.646240234375,10.0,2109.080603252701,2098.740381397929
202,bel_bias_v,bel_bias_v,-1235.6883280217912,240,3,23.599992737996217,10.971990559689246,0.10951087749653246,0.09953926887186931,-0.46521963582130277,,28.234586809853504,-0.54235296168087,,25.42083046913147,9.327230086005816,0.8109405231106653,0.029235773544289488,0.7545042037963867,0.12393502092064512,2487.8185728136086,2477.4783509588365
203,bel_bias_v,bel_bias_v,-925.2679131842027,240,3,23.396212484003627,8.636410939588167,0.6624738529126577,0.026794235355036094,-3.55878547425427,,1.2248372165368666,-3.4056752840787676,,1.3783574281944766e-08,5.783359231691946,-0.07873744570026174,2.1241903934851925e-09,-2.509258985519409,-3.5592438303923695,1866.9777431384314,1856.6375212836597
204,bel_bias_v,bel_bias_v,-920.2568979137421,240,3,24.250017985999875,4.97513191967861,0.8518769476087437,0.02687654837996164,-2.2301660875924036,,0.6167928130603818,-3.4391060604181165,,6.790161132919081e-06,4.482926033138858,0.5101753800927863,3.00017425219998e-09,6.3231658935546875,6.446560694853111,1856.9557125975102,1846.6154907427385
205,bel_bias_v,bel_bias_v,-661.9693080058818,240,3,19.880967360004433,7.12226475513968,-1.7818787627296793,0.001566705185517198,2.02269730126093,,2.830061425769613,2.887239644469568,,1.3783574281944766e-08,6.162518728354632,-0.09310635392719528,3.1613122484075834e-09,-3.0272654443979263,-6.205952885909945,1340.3805327817895,1330.0403109270178
206,bel_bias_v,bel_bias_v,-986.3461712844036,240,3,17.76570900799561,12.512227646941918,0.9506653156523001,0.027998832664739366,0.14510943577207133,,2.2033053872070565,0.17769302764712466,,6.790161132919081e-06,12.302800321463122,1.6749157948651645,1.76519057046332e-09,-3.372039794921875,-3.419314173110542,1989.134259338833,1978.7940374840614
207,bel_bias_v,bel_bias_v,-795.3060918880935,240,3,18.49342015599541,4.527499569149527,4.418791443128875,0.024030194145093494,1.3350217638035138,,7.592028668983576,1.277065304994064,,3.074381895065308,5.317615902815636,3.5712033108949557,2.1642476034697893e-09,-10.0,-5.528748254216904,1607.054100546213,1596.7138786914413
208,bel_bias_v,bel_bias_v,-1101.046175341647,240,3,22.07410730900301,3.9882422142741936,-1.490413286420238,0.02957394144188144,-0.4799880788261313,,2.6959735001434963,-0.44526348302153146,,0.44741908103227646,4.37240677197805,-1.9463428880155653,3.918966482975731e-09,4.78610061109066,5.610430790197164,2218.5342674533204,2208.194045598548
209,bel_bias_v,bel_bias_v,-709.2603566147824,240,3,24.455236914000125,8.53168542413535,1.1658487167956593,0.016720310440195858,1.0277203492609834,,2.6598141401255653,2.6959515957494085,,2.050399780628709e-06,7.186592637909463,-0.15313821819959464,0.016172172062332606,-5.524849891662598,-6.79123538216921,1434.9626299995907,1424.622408144819
210,bel_bias_v,bel_bias_v,-1106.1076065160958,240,3,21.03030111100088,10.03983200340107,-0.045570907116926324,0.1,-1.0148188786997183,,9.744968454124447,-1.4070982809340813,,6.919963569641114,7.612766620427295,0.4021931144089372,0.03260395413758024,-0.6694602966308594,-1.2329654919915198,2228.6571298022177,2218.3169079474455
211,bel_bias_v,bel_bias_v,-1039.0695919824495,240,3,23.9481569280033,3.210824074474071,0.00713838895596073,0.038351138628948685,-1.4291471852910798,,4.152899102440032,-1.3303759635488004,,0.6762001037597658,3.4786969162688752,0.6429662612532043,3.3938157398973227e-09,0.64788818359375,0.2639298181402808,2094.5811007349253,2084.240878880153
212,bel_bias_v,bel_bias_v,-1022.9408177121393,240,3,18.187275842996314,2.7155515977983242,0.19312629530285083,0.03850540278793429,-0.3516548827279476,,5.9267948265119035,-0.37836238716142495,,3.924315900802612,2.2859225949379067,-0.5068691794412956,0.03136906638205493,-7.565165758132935,-8.920221617879942,2062.3235521943047,2051.9833303395326
213,bel_bias_v,bel_bias_v,-1040.6542050434664,240,3,23.794290028999967,1.0132335084218325,0.34365202535158296,0.1,-2.295989701712603,,3.720995817578282,-2.3961066603556045,,2.051375503540039,0.7151108104281677,0.4111245049437847,0.02932102306388498,3.67034912109375,4.961997755452495,2097.750326856959,2087.410105002187
214,bel_bias_v,bel_bias_v,-1039.1445506474981,240,3,24.27433742800349,4.775566909765221,-1.1886854451587134,0.004756450813932425,-4.6637680036438445,,8.858220551765882,-1.7892460743979182,,4.483451328277588,4.823041950677561,-1.1118231750878653,3.108009914565756e-09,1.1312472820281982,1.2285083896550977,2094.7310180650225,2084.3907962102503
215,bel_bias_v,bel_bias_v,-1153.19224710615,240,3,21.33729449499515,10.46466737444514,2.443837050217593,0.1,-0.1943741929327044,,3.961707002248358,-0.15314289189342523,,4.587754516601562,10.025913071144702,1.731496514265046,0.011217659858807126,0.310821533203125,0.4963436957581962,2322.8264109823263,2312.486189127554
216,bel_bias_v,bel_bias_v,-701.897380872822,240,3,19.425902898998174,5.987884617898983,4.328264790932362,0.03555205882083112,1.8372856577631906,,5.898605259153022,2.7714412725272197,,6.790161132919081e-06,5.446606134171883,3.114938932640256,4.378292001153621e-09,-0.3420257568359375,-2.7787073521818644,1420.23667851567,1409.8964566608984
217,bel_bias_v,bel_bias_v,-713.865205900882,240,3,21.970785379999143,4.3251090981685705,-0.35496063204224426,0.0032438709544396578,1.2588609092547927,,5.416666201596819,2.031881529426067,,0.37210412502288825,4.1298583241893025,0.7407554336918999,5.344584459123064e-09,6.534085273742676,3.5071603245729572,1444.1723285717899,1433.8321067170182
218,bel_bias_v,bel_bias_v,-978.9388438161129,240,3,26.10304496900062,17.378105490800152,-2.4934546285833283,0.01993744286377488,-2.846327606601477,,0.11393568522088393,-3.0952113796948204,,0.00012054443359410527,14.50220828389032,-1.2048116856723854,1.7626310462927449e-09,-2.3974609375,-3.3107729366910856,1974.3196044022518,1963.97938254748
219,bel_bias_v,bel_bias_v,-1056.258079802843,240,3,22.404373471996223,4.713040104113989,0.3033095918999624,0.1,1.1170006605755984,,22.278276992562155,0.3072056804747878,,9.94082202911377,5.112497419125359,0.8657687219253088,0.03240682264158616,1.5900993347167969,1.6791468486699013,2128.958076375712,2118.61785452094
220,bel_bias_v,bel_bias_v,-741.6107313932282,240,3,22.01676083199709,4.295884710657096,2.5957894928405567,0.043202773299450846,0.4382537260050686,,0.9641823029968175,0.8748908996377687,,0.1399055862426759,4.251995305467161,3.3807582658493955,1.7605921377805835e-09,-0.10801315307617188,0.676093335897042,1499.6633795564824,1489.3231577017107
221,bel_bias_v,bel_bias_v,-806.4174795736834,240,3,19.39124395300314,5.3858365984529835,-1.4722411946919658,0.07747437811031453,1.2338217001403682,,7.047466386756167,2.6192874267310757,,6.790161132919081e-06,6.066837193836581,-1.6960272754290877,7.743730332616385e-09,0.8763885498046875,0.654445543608872,1629.2768759173928,1618.936654062621
222,bel_bias_v,bel_bias_v,-895.3743778056327,240,3,21.23608722800418,4.75059634446028,0.13183823194599723,0.1,0.3045705508317981,,3.003767238720369,0.5988391235090141,,4.128085350990295,4.050756505228022,0.6494805337117022,0.04782045174542689,4.2037248611450195,3.324484855470005,1807.1906723812913,1796.8504505265196
223,bel_bias_v,bel_bias_v,-908.8333597077287,240,3,14.425342223999905,15.730401982854637,4.063455029535119,0.011466821982410115,0.4121316098462271,,3.2743827643628154,0.545148798026839,,0.0002722167968753908,20.365995535370065,0.8505068627845891,2.0231982305855636e-09,10.0,10.0,1834.1086361854834,1823.7684143307117
224,bel_bias_v,bel_bias_v,-1152.2198667037885,240,3,22.710720296003274,7.913368644331676,3.6261128264036375,0.056028275240133485,-0.991854354091326,,12.729427610645669,-1.0948107573258767,,10.309327735751866,6.420392813685716,2.863271686949581,0.01642826892921222,3.117632493376732,2.349108516869321,2320.881650177603,2310.541428322831
225,bel_bias_v,bel_bias_v,-1136.322044461092,240,3,19.61999350899714,3.9145444176711273,1.1384656352056515,0.05213251308713504,-0.4325630823160021,,3.7070328410515763,-0.3466779444493845,,2.094685072898865,4.9330422748350236,0.7531202963033178,0.015678193781979682,-0.6776821613311768,-0.41256464952530547,2289.08600569221,2278.745783837438
226,bel_bias_v,bel_bias_v,-783.1987114848232,240,3,23.10052641200309,14.500821310198601,2.583216186443072,0.08744617899117303,0.6405401899657135,,3.5877905944178923,2.6663006433382797,,0.0005755615234379619,13.13915453119945,0.6922750068831983,3.7044584401408436e-09,5.771484375,6.670660332311755,1582.8393397396724,1572.4991178849007
227,bel_bias_v,bel_bias_v,-960.763468069672,240,3,24.551963354999316,4.012828519891142,-0.5509891323467581,0.06109232863894453,-1.7999036386690697,,2.7485519523730058,-1.8941716266597846,,1.248717311774783e-07,4.172657186383231,-0.7422730664109922,0.0609634870321039,10.0,10.0,1937.9688529093698,1927.6286310545981
228,bel_bias_v,bel_bias_v,-1026.2566692288003,240,3,24.043388990001404,2.0218196152941807,-0.4674245197363761,0.04848820041076435,-1.2848584034139277,,1.6779659813394439,-1.212262486079632,,0.15326697349548368,2.2577448210844766,0.012029090711106532,0.021215864093561097,1.5292549133300781,1.924973221125257,2068.955255227627,2058.6150333728547
229,bel_bias_v,bel_bias_v,-1122.9135049692898,240,3,17.83574495799985,4.7427619723285765,1.207791390012804,0.025707768351243773,-1.0825171813173233,,7.785623760607038,-0.9950603933518015,,3.74079693287611,5.4564798711727045,0.3590763504246404,0.016341062351672306,2.39810973405838,1.927022635034365,2262.2689267086057,2251.9287048538336
230,bel_bias_v,bel_bias_v,-733.9716222726404,240,3,21.79554054500477,15.703130123770627,-2.086622194054561,0.033222586311956084,2.5822727159068206,,4.9493940633811855,3.0316169729016296,,6.790161132919081e-06,16.390658983315483,-1.1788814077684717,2.784921007083736e-09,1.6582870483398438,4.668894602155021,1484.3851613153067,1474.044939460535
231,bel_bias_v,bel_bias_v,-801.332812514868,240,3,20.71182093799871,5.44000435955134,0.8508689819998099,0.02383169367000928,2.07049032749487,,11.677836331133564,1.5812793567611991,,4.700731468200684,5.701229116423959,0.27344762503302605,0.015490550022949991,1.007843017578125,1.2942852295626923,1619.107541799762,1608.7673199449903
232,bel_bias_v,bel_bias_v,-998.6948128787778,240,3,23.552883745003783,11.191027252994354,-0.25405129680614336,0.0033138320420493745,-1.561477817171154,,6.035582719631096,-3.2628660871207447,,2.7298927340879686e-07,10.006804148146374,0.20276408652044006,1.9138228928695356e-09,-1.3703083992004395,-2.0209346745667136,2013.8315425275816,2003.49132067281
233,bel_bias_v,bel_bias_v,-652.0606890886353,240,3,24.730199336001533,0.5,2.16211896149383,0.04696476469862759,1.3669773350741872,,2.730491583192383,0.14986353354121118,,0.48876150131225593,0.5,1.7605045702540822,0.028822734933460697,2.3166275024414062,4.25257025796715,1320.5632949472965,1310.2230730925248
234,bel_bias_v,bel_bias_v,-752.429904703899,240,3,19.00804990200413,7.4726118967573125,-2.7416422282723776,0.001891627538223773,2.250797201264898,,8.41891706685322,2.5140420257097964,,6.790161132919081e-06,9.47148295025282,-1.1616846276884212,4.051910484216754e-09,-5.5777740478515625,-2.400137413562706,1521.3017261778239,1510.9615043230522
235,bel_bias_v,bel_bias_v,-716.2014366986804,240,3,24.996678505005548,5.000643904407723,-0.6791170206723411,0.0270829189580062,1.0367899503436107,,0.006575255011356629,2.610176468190867,,0.019534606933594212,5.43930920031618,-0.012602475567300922,0.015932033689950005,8.2147216796875,9.747393544616386,1448.8447901673867,1438.504568312615
236,bel_bias_v,bel_bias_v,-918.7185512129995,240,3,24.985549190998427,8.306945804165816,-1.2628889753033796,0.03909277557223758,-3.3696554901327023,,2.154179461656057,-3.4579733719857426,,0.0002722167968753908,7.806343829053418,-0.8368171667620461,0.01579785759894282,-6.3818359375,-7.318508672075329,1853.879019196025,1843.5387973412533
237,bel_bias_v,bel_bias_v,-964.8134665723699,240,3,20.957187263004016,9.996567300621267,3.086783926347229,0.0196464941504498,-3.987145285570499,,4.701387224850663,-2.9716733406062947,,2.050399780628709e-06,11.233175065078436,0.6304537474187895,2.0366024492350533e-09,4.629974365234375,1.3181868424993561,1946.0688499147657,1935.728628059994
238,bel_bias_v,bel_bias_v,-1108.4274550204811,240,3,23.828100218001055,6.122236188298947,1.5913703801234165,0.003025527153607343,-1.074920942750055,,10.25072638623003,-1.0528122316557997,,4.540769706666469,5.846564149475188,0.41020302632437206,2.116114972401103e-09,-9.936565458774567,-10.0,2233.2968268109885,2222.9566049562163
239,bel_bias_v,bel_bias_v,-982.3530555942378,240,3,24.579115182998066,10.589827328057082,-0.04864385258631258,0.06812614359924457,-1.4358702345241023,,1.673256686110195,-3.1953059355087285,,1.248717311774783e-07,11.370661798092742,0.49397883954975136,4.897728531758802e-09,0.6932497024536133,5.403653530702619,1981.1480279585016,1970.80780610373
240,bel_bias_v,bel_bias_v,-821.1114281369767,240,3,20.2101375669954,11.354781927483016,-0.6418565250345308,0.00482537287387547,0.46404340344763295,,1.0676224064223208,0.5522617577243409,,1.248717311774783e-07,8.342863131722762,0.09196067354205484,1.0023394661633644e-08,2.451964318752289,1.0065306700862644,1658.6647730439793,1648.3245511892076
241,bel_bias_v,bel_bias_v,-1122.795020241816,240,3,21.30434942500142,8.225974668116068,-0.9431567968914057,0.052947155542404555,-0.2660756535623357,,0.8877390968934934,-0.22955927552827596,,0.7389166259765627,7.561869798204652,-1.4615513084856493,0.015931325563305464,5.618896484375,6.745870165519804,2262.031957253658,2251.691735398886
242,bel_bias_v,bel_bias_v,-1121.8776396050046,240,3,18.091866050002864,0.9900085381623378,0.5790728628047828,0.013636908465365251,-3.587002835055124,,6.889870284335941,-2.710941825661326,,4.17430513381958,0.7049396734256775,0.2756229064243884,0.027328772240797754,-0.045680999755859375,0.21777896988430342,2260.1971959800353,2249.856974125263
243,bel_bias_v,bel_bias_v,-936.3765027868,240,3,21.37726934999955,7.293529909012891,1.081208575439745,0.043708376865964974,-2.4896375558982773,,1.4648777583832473,-3.187905115201875,,0.1552908515930178,8.82903196831614,0.6358070585826928,0.014468663500345662,1.7999076843261719,2.6540424357661156,1889.1949223436259,1878.8547004888542
244,bel_bias_v,bel_bias_v,-1103.7179963878598,240,3,24.35868084199319,15.246954007665575,-2.7114124723236226,0.046507048791163304,-0.9636770227904189,,2.6651480319948346,-1.624541741770663,,6.909763603210449,7.5664014540188065,-0.42484079299885774,0.06409133941511015,-1.9270133972167969,-1.652550964118649,2223.8779095457458,2213.5376876909736
245,bel_bias_v,bel_bias_v,-1122.1491995953245,240,3,19.92145957500179,12.488663412281493,4.420577735601406,0.1,-0.08949513123416068,,2.40165225077497,-0.1081748214534807,,6.790161132919081e-06,8.024193500320628,2.033246829793204,0.014734298431785274,1.1675262451171875,1.0394170567441234,2260.740315960675,2250.400094105903
246,bel_bias_v,bel_bias_v,-1126.9478286412227,240,3,18.258959898004832,13.920975391221408,-1.3702472708897822,0.0015502196220600953,-0.6668832495410353,,3.863721256768213,-0.7550277325685372,,0.0002722167968753908,9.511168040442989,-0.477024335436145,3.854724879967979e-09,0.58837890625,2.569089607583331,2270.3375740524716,2259.9973521976995
247,bel_bias_v,bel_bias_v,-1125.4938247632344,240,3,20.921101681000437,11.18219026043409,-5.323365627988443,0.0017234021018741508,-0.753624080846762,,1.4672048756397609,-0.7963329797499066,,0.0002722167968753908,9.922771477935733,-2.042809039522179,2.000886202525653e-09,0.19287109375,0.8115183396105125,2267.429566296495,2257.089344441723
248,bel_bias_v,bel_bias_v,-919.6845648051855,240,3,23.268427401002555,5.963360176651982,0.6746144435043854,0.007567110740767336,-1.7807103699218347,,0.20081271794520364,-3.2311884545778065,,6.790161132919081e-06,6.442810463953242,0.6750133682976753,3.1161712267098352e-09,-1.327362060546875,-3.150452150962602,1855.8110463803969,1845.4708245256252
249,bel_bias_v,bel_bias_v,-978.6080247618619,240,3,17.02366495699971,15.184147335023464,0.6667444224565224,0.014155542639852857,0.2257504508627598,,4.379199574857858,0.2654786284446607,,1.248717311774783e-07,14.56171751726762,0.7434362664166921,5.612623970555253e-09,-6.807279586791992,-6.8858111966426225,1973.6579662937497,1963.317744438978
