participant,choiceType,b0,b_inc
Exp1b_1,Free,52.81486940145745,-1.0182592319659465
Exp1b_10,Free,72.80555555555553,3.194444444444448
Exp1b_100,Free,77.96731010671687,1.1743565599497832
Exp1b_101,Free,83.44958099716644,2.308313739675649
Exp1b_102,Free,89.18608467706404,6.5927614767820995
Exp1b_103,Free,88.88095238095237,3.690476190476188
Exp1b_104,Free,81.53927203065132,1.5900383141762444
Exp1b_105,Free,68.36662333549985,0.40456310517808786
Exp1b_106,Free,76.00391262423972,11.549658804331699
Exp1b_107,Free,74.7245229453066,3.396972381796182
Exp1b_108,Free,51.84446154503867,4.5642341071352215
Exp1b_109,Free,78.76579520697166,-0.5991285403050037
Exp1b_11,Free,84.37458228905595,0.4647034252297299
Exp1b_110,Free,81.88935969868172,2.356403013182672
Exp1b_111,Free,73.32936507936505,3.9563492063492265
Exp1b_112,Free,91.64862207340082,-1.972946397725161
Exp1b_113,Free,91.80566385098547,-3.407515702837335
Exp1b_114,Free,64.15311209229452,5.863837060247824
Exp1b_115,Free,89.07407407407405,-0.7407407407407527
Exp1b_116,Free,71.67854030501087,2.0381263616557788
Exp1b_117,Free,63.96194325166285,1.875894586174967
Exp1b_118,Free,96.32061604525369,0.09818737354969663
Exp1b_119,Free,66.18276798913259,0.4871349234887533
Exp1b_12,Free,79.98478835978834,-0.6514550264550307
Exp1b_120,Free,83.13082034882399,2.0720782019006276
Exp1b_121,Free,67.68253968253966,17.544351073762844
Exp1b_122,Free,91.47575474634296,3.057578586990361
Exp1b_123,Free,78.4005602240896,0.6162464985994415
Exp1b_124,Free,71.07882241215572,0.9211775878442587
Exp1b_125,Free,67.94490288607933,4.424845013080304
Exp1b_126,Free,66.99906629318393,13.95891690009337
Exp1b_127,Free,86.33148148148146,3.1851851851851807
Exp1b_128,Free,82.36111111111109,6.638888888888879
Exp1b_129,Free,75.38122605363982,-0.019157088122602844
Exp1b_13,Free,63.65832697686243,5.7851512840071155
Exp1b_130,Free,87.82641447637761,-1.0467534594284844
Exp1b_131,Free,83.06434400502194,9.189893283113625
Exp1b_132,Free,61.130996118479764,12.274944475579622
Exp1b_133,Free,91.85740740740738,3.8425925925926077
Exp1b_134,Free,60.64332399626516,0.20541549953314098
Exp1b_135,Free,62.969288826641744,0.13904450669156962
Exp1b_136,Free,94.06105630658058,3.7372630211504907
Exp1b_137,Free,74.61344537815124,4.957983193277311
Exp1b_138,Free,74.35778727445394,1.5054605887939112
Exp1b_139,Free,61.23055555555554,-0.7222222222222255
Exp1b_14,Free,74.96508777091299,0.258213199960774
Exp1b_140,Free,94.29537037037034,0.3796296296296364
Exp1b_141,Free,83.08564781844939,4.1855386222285516
Exp1b_142,Free,78.80822746521474,3.2970356926799704
Exp1b_143,Observed,69.98673885750155,-4.528405524168237
Exp1b_144,Observed,69.17962962962962,-2.1296296296296333
Exp1b_145,Observed,74.68924680983501,9.49408652349829
Exp1b_146,Observed,56.139958139958125,3.418600418600415
Exp1b_147,Observed,58.80092592592592,4.324074074074068
Exp1b_148,Observed,56.67359165888576,-1.152583255524434
Exp1b_149,Observed,73.78151260504198,3.640619292701727e-15
Exp1b_15,Free,92.44424630693699,4.39248838694052
Exp1b_150,Observed,69.19460138104205,-1.8612680477087304
Exp1b_151,Observed,75.75757575757572,-13.757575757575744
Exp1b_152,Observed,74.10512114450299,2.3101330927851387
Exp1b_153,Observed,56.72507122507121,3.5826210826210794
Exp1b_154,Observed,61.05236938788216,-6.844448595802972
Exp1b_155,Observed,64.61778914464334,-0.2648479681727656
Exp1b_156,Observed,58.332407407407395,1.425925925925922
Exp1b_157,Observed,51.32947707432832,-0.3382490041528947
Exp1b_158,Observed,68.47499999999998,5.249999999999993
Exp1b_159,Observed,72.20588235294116,4.441176470588227
Exp1b_16,Free,68.21095293061433,5.058612286776956
Exp1b_160,Observed,61.86048863990039,1.8117802676626158
Exp1b_161,Observed,54.209518669853246,3.4510317888623403
Exp1b_162,Observed,62.31944444444443,3.305555555555556
Exp1b_163,Observed,57.03611111111109,4.305555555555558
Exp1b_164,Observed,65.8788131604843,9.885337782911913
Exp1b_165,Observed,78.62334905472157,0.573232141859597
Exp1b_166,Observed,56.23001949317737,2.436647173489279
Exp1b_167,Observed,56.18541861188919,7.562480547774662
Exp1b_168,Observed,65.70543487977115,-3.5145257888620764
Exp1b_169,Observed,65.28750389044505,5.208294428882659
Exp1b_17,Free,63.889900404606266,8.017662620603794
Exp1b_170,Observed,64.65496213776028,-10.38890709188874
Exp1b_171,Observed,58.331318082788655,5.510348583877999
Exp1b_172,Observed,64.70782889426955,-2.792574656981439
Exp1b_173,Observed,59.648775894538595,5.291902071563077
Exp1b_174,Observed,53.787815126050404,2.3718487394958037
Exp1b_175,Observed,67.72777777777776,-1.8611111111111236
Exp1b_176,Observed,54.083132207026,4.3504961115580585
Exp1b_177,Observed,68.16169123415497,15.513522441058658
Exp1b_178,Observed,54.91125828862617,0.13111459272975204
Exp1b_179,Observed,60.59999999999998,5.499999999999998
Exp1b_18,Free,93.01023796073298,-0.733010237960716
Exp1b_180,Observed,58.42592592592592,4.407407407407415
Exp1b_181,Observed,75.81296296296294,-9.046296296296294
Exp1b_182,Observed,63.14514623271683,7.693836818130608
Exp1b_183,Observed,70.98170594837259,4.627384960718292
Exp1b_184,Observed,63.08648459383751,7.538515406162472
Exp1b_185,Observed,69.65370370370368,-12.203703703703699
Exp1b_186,Observed,75.59712474146404,1.2701318957040644
Exp1b_187,Observed,61.68551007147496,2.0337881741390555
Exp1b_188,Observed,66.22227668845314,-5.16394335511983
Exp1b_189,Observed,58.41759259259257,-2.592592592592583
Exp1b_19,Free,93.95487881762388,1.2075143447692416
Exp1b_190,Observed,54.97219911084216,-3.6536150400457177
Exp1b_191,Observed,77.10833333333332,-0.33333333333333426
Exp1b_192,Observed,58.150620185402786,11.46677111894503
Exp1b_2,Free,90.55742296918764,0.42577030812324124
Exp1b_20,Free,86.8269370426233,-1.9445841014468663
Exp1b_21,Observed,53.69887955182072,9.511204481792724
Exp1b_22,Observed,58.045370370370364,-0.9537037037037098
Exp1b_23,Observed,63.395370370370365,-7.037037037037045
Exp1b_24,Observed,80.33755875231446,-21.862982481128043
Exp1b_25,Observed,63.16378773731713,9.94545596016184
Exp1b_26,Observed,63.64839375184202,6.274683171234883
Exp1b_27,Observed,59.071700902583245,1.7199657640834038
Exp1b_28,Observed,52.30019892014775,5.821540210287012
Exp1b_29,Observed,75.41203703703701,-0.4537037037036979
Exp1b_3,Free,84.19957747408725,0.06304878853897616
Exp1b_30,Observed,60.497222222222206,-0.30555555555555414
Exp1b_31,Observed,72.20370370370368,1.2129629629629688
Exp1b_32,Observed,58.03513770180436,2.5546058879392177
Exp1b_33,Observed,60.65111689169658,2.035839630042525
Exp1b_34,Observed,56.49377528789292,6.228913787737311
Exp1b_35,Observed,65.91282560032559,-0.15389702889703305
Exp1b_36,Observed,65.15634920634919,1.2936507936507948
Exp1b_37,Observed,66.37254901960783,-2.885154061624658
Exp1b_38,Observed,50.02962962962962,5.870370370370372
Exp1b_39,Observed,65.60216308745719,4.314503579209461
Exp1b_4,Free,95.10783522448524,-3.5993606482140894
Exp1b_40,Observed,53.86913768622712,0.08413334181024634
Exp1b_41,Observed,61.607388254447066,-0.8637985108573362
Exp1b_42,Observed,61.33201058201056,-2.9034391534391504
Exp1b_43,Observed,64.91194738765068,1.054439166971144
Exp1b_44,Observed,77.99166666666665,-4.583333333333336
Exp1b_45,Observed,65.59519140989727,0.8548085901027177
Exp1b_46,Observed,63.17588702147524,3.199112978524741
Exp1b_47,Observed,80.08796296296295,0.45370370370369767
Exp1b_48,Observed,68.2222222222222,7.111111111111107
Exp1b_49,Observed,59.65284152076603,-0.490679358603891
Exp1b_5,Free,92.31506041850866,-0.07368110816386951
Exp1b_50,Observed,63.65462962962961,-8.296296296296294
Exp1b_51,Observed,56.11454840363394,1.5093832202976742
Exp1b_52,Observed,70.56268047708724,-4.779347143753926
Exp1b_53,Observed,74.53703703703702,0.5945419103313809
Exp1b_54,Observed,57.31400966183574,3.8164251207729367
Exp1b_55,Observed,53.12803753980222,5.450393832746777
Exp1b_56,Observed,69.70385932150636,-7.871926548397135
Exp1b_57,Observed,72.23620448179268,-0.26120448179271194
Exp1b_58,Observed,64.48388451972842,0.24887410096120913
Exp1b_59,Observed,69.10277777777776,0.05555555555555581
Exp1b_6,Free,65.71615312791782,0.06535947712417575
Exp1b_60,Observed,52.3039137877373,4.187752878929355
Exp1b_61,Observed,75.50171179582942,7.649548708372242
Exp1b_62,Observed,70.52898168652675,1.43432106576681
Exp1b_63,Observed,55.57827311715645,-0.9087815917327353
Exp1b_64,Observed,58.2095014644034,1.6024643475623934
Exp1b_65,Observed,69.38425925925924,-6.092592592592597
Exp1b_66,Observed,68.72148895790198,0.69815389924086
Exp1b_67,Observed,67.74794584500465,-3.6979458450046727
Exp1b_68,Observed,60.06759259259258,3.7407407407407285
Exp1b_69,Observed,73.18308633994907,3.2118716432441965
Exp1b_7,Free,74.04276060706766,2.369004098814665
Exp1b_70,Observed,57.78981481481479,11.268518518518528
Exp1b_71,Free,93.00485306735305,1.843361218361224
Exp1b_72,Free,59.25972611266727,2.2360722066604444
Exp1b_73,Free,63.41766251377235,17.301635731841678
Exp1b_74,Free,98.06768583139468,-1.1853328902182452
Exp1b_75,Free,70.91048863990038,0.2228446934329425
Exp1b_76,Free,83.91541658549254,4.998376517955708
Exp1b_77,Free,79.21296296296293,0.28703703703704675
Exp1b_78,Free,75.5548552754435,2.201447245564889
Exp1b_79,Free,76.82166199813256,2.2035480859010406
Exp1b_8,Free,70.58599320746211,1.0892204677515298
Exp1b_80,Free,73.63359788359786,-1.3835978835978766
Exp1b_81,Free,51.41639650260338,2.3015522153453185
Exp1b_82,Free,65.62544645756218,4.762484576920571
Exp1b_83,Free,62.59477124183004,23.884220354808598
Exp1b_84,Free,70.49975633528263,4.37743664717349
Exp1b_85,Free,85.77373737373735,1.0808080808080922
Exp1b_86,Free,74.19304388422034,1.3195611577964401
Exp1b_87,Free,51.853517794195746,-1.0992805060601705
Exp1b_88,Free,73.71194325683489,2.178813045686115
Exp1b_89,Free,72.94262750630584,5.88345945021588
Exp1b_9,Free,58.53463419266009,0.24687841238190478
Exp1b_90,Free,62.31944444444443,0.7222222222222205
Exp1b_91,Free,62.5747489014438,1.1169177652228575
Exp1b_92,Free,71.01098661686896,3.75568004979769
Exp1b_93,Free,79.94760069269871,1.112228367130324
Exp1b_94,Free,92.08025888418042,1.6760436368279588
Exp1b_95,Free,69.43796296296294,-3.379629629629616
Exp1b_96,Free,69.92655367231636,4.293785310734472
Exp1b_97,Free,64.31324036587192,1.7393912130754297
Exp1b_98,Free,78.33357274533743,1.538222126457426
Exp1b_99,Free,98.98442092886535,-0.770135214579669
