participant,choiceType,incentive,coh3,meta_d
exp3_1,Forced,-1.0,-1.0,0.6217423699372965
exp3_1,Forced,-1.0,0.0,2.1670468461285695
exp3_1,Forced,-1.0,1.0,3.6943575074498662
exp3_1,Forced,0.0,-1.0,0.9965275257928345
exp3_1,Forced,0.0,0.0,3.2138615985290286
exp3_1,Forced,0.0,1.0,5.069648240894992
exp3_1,Forced,1.0,-1.0,0.928600251234745
exp3_1,Forced,1.0,0.0,3.143673853613607
exp3_1,Forced,1.0,1.0,5.205458089857204
exp3_10,Forced,-1.0,-1.0,0.26858697910801776
exp3_10,Forced,-1.0,0.0,1.5566391094714984
exp3_10,Forced,-1.0,1.0,4.613992425506079
exp3_10,Forced,0.0,-1.0,0.11916477701742982
exp3_10,Forced,0.0,0.0,1.0508648510838432
exp3_10,Forced,0.0,1.0,4.739491888104337
exp3_10,Forced,1.0,-1.0,0.2543398918664943
exp3_10,Forced,1.0,0.0,1.5343069800003746
exp3_10,Forced,1.0,1.0,4.733648389624766
exp3_100,Replayed,-1.0,-1.0,0.014291239978685578
exp3_100,Replayed,-1.0,0.0,0.972262116595461
exp3_100,Replayed,-1.0,1.0,2.7973604030221972
exp3_100,Replayed,0.0,-1.0,0.01525536324020192
exp3_100,Replayed,0.0,0.0,1.1852438773375247
exp3_100,Replayed,0.0,1.0,3.8944353161901675
exp3_100,Replayed,1.0,-1.0,0.019351238057756532
exp3_100,Replayed,1.0,0.0,1.0369351192029357
exp3_100,Replayed,1.0,1.0,2.3498818030216193
exp3_101,Replayed,-1.0,-1.0,-0.0011591731245151678
exp3_101,Replayed,-1.0,0.0,0.49534851559244825
exp3_101,Replayed,-1.0,1.0,3.941355670385963
exp3_101,Replayed,0.0,-1.0,-0.0006135610542770102
exp3_101,Replayed,0.0,0.0,0.33942005101447226
exp3_101,Replayed,0.0,1.0,3.4961447320484167
exp3_101,Replayed,1.0,-1.0,-0.001412568188198649
exp3_101,Replayed,1.0,0.0,0.5538882760779446
exp3_101,Replayed,1.0,1.0,4.043962533277505
exp3_102,Replayed,-1.0,-1.0,0.30416377782655923
exp3_102,Replayed,-1.0,0.0,1.6064665393933746
exp3_102,Replayed,-1.0,1.0,3.0304187714997153
exp3_102,Replayed,0.0,-1.0,0.478834306448131
exp3_102,Replayed,0.0,0.0,2.4560080001070075
exp3_102,Replayed,0.0,1.0,4.499259774464229
exp3_102,Replayed,1.0,-1.0,0.07788122858101043
exp3_102,Replayed,1.0,0.0,1.0969528063903928
exp3_102,Replayed,1.0,1.0,5.518357927962645
exp3_103,Replayed,-1.0,-1.0,-0.06988229027531807
exp3_103,Replayed,-1.0,0.0,0.188783747429313
exp3_103,Replayed,-1.0,1.0,1.6625619248612553
exp3_103,Replayed,0.0,-1.0,-0.08351749014027983
exp3_103,Replayed,0.0,0.0,0.18638866225035045
exp3_103,Replayed,0.0,1.0,1.356054995056498
exp3_103,Replayed,1.0,-1.0,-0.04050249879851944
exp3_103,Replayed,1.0,0.0,0.15459655248926907
exp3_103,Replayed,1.0,1.0,1.923683175222339
exp3_104,Replayed,-1.0,-1.0,0.08035590219300419
exp3_104,Replayed,-1.0,0.0,0.7468216001815037
exp3_104,Replayed,-1.0,1.0,4.09484438968811
exp3_104,Replayed,0.0,-1.0,0.05270804377827967
exp3_104,Replayed,0.0,0.0,0.5099725304782576
exp3_104,Replayed,0.0,1.0,2.910972564334638
exp3_104,Replayed,1.0,-1.0,0.06554270871732082
exp3_104,Replayed,1.0,0.0,0.554736935046487
exp3_104,Replayed,1.0,1.0,2.7699454906417
exp3_105,Replayed,-1.0,-1.0,-0.04097114340833154
exp3_105,Replayed,-1.0,0.0,0.6282140533156613
exp3_105,Replayed,-1.0,1.0,4.744391793774327
exp3_105,Replayed,0.0,-1.0,-0.016891466863879243
exp3_105,Replayed,0.0,0.0,0.28756234285287885
exp3_105,Replayed,0.0,1.0,2.411237539604149
exp3_105,Replayed,1.0,-1.0,-0.02692932602917877
exp3_105,Replayed,1.0,0.0,0.33198088004644094
exp3_105,Replayed,1.0,1.0,2.015784005199568
exp3_106,Replayed,-1.0,-1.0,0.20144225594166434
exp3_106,Replayed,-1.0,0.0,0.7473046454496
exp3_106,Replayed,-1.0,1.0,1.6823245435448921
exp3_106,Replayed,0.0,-1.0,0.17969639077628083
exp3_106,Replayed,0.0,0.0,0.6649882996453111
exp3_106,Replayed,0.0,1.0,1.4933226322999635
exp3_106,Replayed,1.0,-1.0,0.36939080208251956
exp3_106,Replayed,1.0,0.0,0.5794048856021864
exp3_106,Replayed,1.0,1.0,0.5514970859724014
exp3_107,Replayed,-1.0,-1.0,0.18924659919046036
exp3_107,Replayed,-1.0,0.0,1.3854854028974624
exp3_107,Replayed,-1.0,1.0,4.99992967278688
exp3_107,Replayed,0.0,-1.0,0.2891549096315847
exp3_107,Replayed,0.0,0.0,1.5479294097406349
exp3_107,Replayed,0.0,1.0,4.084696593375813
exp3_107,Replayed,1.0,-1.0,0.18477198453467517
exp3_107,Replayed,1.0,0.0,1.1860985371312058
exp3_107,Replayed,1.0,1.0,3.753128963610543
exp3_108,Replayed,-1.0,-1.0,0.7523529457958288
exp3_108,Replayed,-1.0,0.0,2.54534808339834
exp3_108,Replayed,-1.0,1.0,4.4034449713564925
exp3_108,Replayed,0.0,-1.0,1.2347711560993704
exp3_108,Replayed,0.0,0.0,2.9988748638645895
exp3_108,Replayed,0.0,1.0,3.724346230078827
exp3_108,Replayed,1.0,-1.0,0.9269187851889308
exp3_108,Replayed,1.0,0.0,3.0760092107256107
exp3_108,Replayed,1.0,1.0,5.2197946169713685
exp3_109,Replayed,-1.0,-1.0,0.532383516497809
exp3_109,Replayed,-1.0,0.0,2.1229786479169657
exp3_109,Replayed,-1.0,1.0,4.971222120803522
exp3_109,Replayed,0.0,-1.0,0.5469718441828519
exp3_109,Replayed,0.0,0.0,2.221289050316547
exp3_109,Replayed,0.0,1.0,5.297142995667705
exp3_109,Replayed,1.0,-1.0,0.7592910070777205
exp3_109,Replayed,1.0,0.0,2.604829089015988
exp3_109,Replayed,1.0,1.0,5.247430878811823
exp3_11,Forced,-1.0,-1.0,0.14303184093999494
exp3_11,Forced,-1.0,0.0,0.8745076753380598
exp3_11,Forced,-1.0,1.0,2.672222374096755
exp3_11,Forced,0.0,-1.0,0.11651969064322254
exp3_11,Forced,0.0,0.0,0.7810188847008808
exp3_11,Forced,0.0,1.0,2.6163860235376397
exp3_11,Forced,1.0,-1.0,0.12245671982876827
exp3_11,Forced,1.0,0.0,0.7290656243299228
exp3_11,Forced,1.0,1.0,2.1693453459243366
exp3_110,Replayed,-1.0,-1.0,-0.034929669738624776
exp3_110,Replayed,-1.0,0.0,0.23529936182774752
exp3_110,Replayed,-1.0,1.0,1.247944393075391
exp3_110,Replayed,0.0,-1.0,-0.02905747950628019
exp3_110,Replayed,0.0,0.0,0.2563292986197892
exp3_110,Replayed,0.0,1.0,1.7802736879890442
exp3_110,Replayed,1.0,-1.0,-0.0309684357705649
exp3_110,Replayed,1.0,0.0,0.14004771784105727
exp3_110,Replayed,1.0,1.0,0.4986330006385877
exp3_111,Replayed,-1.0,-1.0,0.07166540190133683
exp3_111,Replayed,-1.0,0.0,0.6130583879186912
exp3_111,Replayed,-1.0,1.0,3.912267801491886
exp3_111,Replayed,0.0,-1.0,0.052646700602451496
exp3_111,Replayed,0.0,0.0,0.5209772857539658
exp3_111,Replayed,0.0,1.0,3.8459254097847833
exp3_111,Replayed,1.0,-1.0,0.04689315771015128
exp3_111,Replayed,1.0,0.0,0.4651042447337456
exp3_111,Replayed,1.0,1.0,3.4413240223178443
exp3_112,Replayed,-1.0,-1.0,-0.04413184796639233
exp3_112,Replayed,-1.0,0.0,1.6557503226050587
exp3_112,Replayed,-1.0,1.0,5.139264257604838
exp3_112,Replayed,0.0,-1.0,-0.01868515133119191
exp3_112,Replayed,0.0,0.0,1.0739718518372647
exp3_112,Replayed,0.0,1.0,5.106843445059722
exp3_112,Replayed,1.0,-1.0,-0.021083063238779776
exp3_112,Replayed,1.0,0.0,1.2601229689455953
exp3_112,Replayed,1.0,1.0,6.230967846538496
exp3_113,Replayed,-1.0,-1.0,0.09361338188499421
exp3_113,Replayed,-1.0,0.0,1.351647020370696
exp3_113,Replayed,-1.0,1.0,2.880378765424683
exp3_113,Replayed,0.0,-1.0,0.06177141287392811
exp3_113,Replayed,0.0,0.0,1.249752073683325
exp3_113,Replayed,0.0,1.0,3.7318239699916744
exp3_113,Replayed,1.0,-1.0,0.07542485910773887
exp3_113,Replayed,1.0,0.0,1.3117973931187143
exp3_113,Replayed,1.0,1.0,3.367285747659354
exp3_114,Replayed,-1.0,-1.0,1.4578509478559551
exp3_114,Replayed,-1.0,0.0,3.6340589717038476
exp3_114,Replayed,-1.0,1.0,6.655158022403827
exp3_114,Replayed,0.0,-1.0,0.5874673064018591
exp3_114,Replayed,0.0,0.0,2.203977186509132
exp3_114,Replayed,0.0,1.0,6.074604977529202
exp3_114,Replayed,1.0,-1.0,1.5886386504583963
exp3_114,Replayed,1.0,0.0,3.3817426640375134
exp3_114,Replayed,1.0,1.0,5.288634371314698
exp3_115,Replayed,-1.0,-1.0,0.07675461180642872
exp3_115,Replayed,-1.0,0.0,0.5768713203975558
exp3_115,Replayed,-1.0,1.0,1.4516300248903982
exp3_115,Replayed,0.0,-1.0,0.13138439573145386
exp3_115,Replayed,0.0,0.0,0.875072292985466
exp3_115,Replayed,0.0,1.0,1.9514013626337072
exp3_115,Replayed,1.0,-1.0,0.030453238729744814
exp3_115,Replayed,1.0,0.0,0.3690168951115376
exp3_115,Replayed,1.0,1.0,1.497136985169551
exp3_116,Replayed,-1.0,-1.0,-0.05057978998172213
exp3_116,Replayed,-1.0,0.0,0.34426008614437426
exp3_116,Replayed,-1.0,1.0,2.191712742637186
exp3_116,Replayed,0.0,-1.0,-0.026380592648059163
exp3_116,Replayed,0.0,0.0,0.2554243130035017
exp3_116,Replayed,0.0,1.0,2.3132748074918115
exp3_116,Replayed,1.0,-1.0,-0.040874582829554335
exp3_116,Replayed,1.0,0.0,0.3349962029031834
exp3_116,Replayed,1.0,1.0,2.568110720718879
exp3_117,Replayed,-1.0,-1.0,0.05282672497310581
exp3_117,Replayed,-1.0,0.0,1.0097935163611194
exp3_117,Replayed,-1.0,1.0,4.501329532375023
exp3_117,Replayed,0.0,-1.0,0.018549009689269216
exp3_117,Replayed,0.0,0.0,0.5581138019564625
exp3_117,Replayed,0.0,1.0,3.9161032743954114
exp3_117,Replayed,1.0,-1.0,0.07957822057611004
exp3_117,Replayed,1.0,0.0,1.3019720311601843
exp3_117,Replayed,1.0,1.0,4.967506284085176
exp3_118,Replayed,-1.0,-1.0,0.03920000870617778
exp3_118,Replayed,-1.0,0.0,0.0576539057972184
exp3_118,Replayed,-1.0,1.0,0.06452797223602383
exp3_118,Replayed,0.0,-1.0,0.07501737092939016
exp3_118,Replayed,0.0,0.0,0.08150155700020595
exp3_118,Replayed,0.0,1.0,0.0673824324092066
exp3_118,Replayed,1.0,-1.0,0.02806745620955547
exp3_118,Replayed,1.0,0.0,0.05693758767686861
exp3_118,Replayed,1.0,1.0,0.08789654116109547
exp3_119,Replayed,-1.0,-1.0,-0.003644645804622894
exp3_119,Replayed,-1.0,0.0,0.011436553376219155
exp3_119,Replayed,-1.0,1.0,0.02628832664162259
exp3_119,Replayed,0.0,-1.0,-0.0034365573780548676
exp3_119,Replayed,0.0,0.0,0.011021550471067017
exp3_119,Replayed,0.0,1.0,0.025893439145606035
exp3_119,Replayed,1.0,-1.0,-0.0034615804412835845
exp3_119,Replayed,1.0,0.0,0.010527270694093213
exp3_119,Replayed,1.0,1.0,0.023452281650789098
exp3_12,Forced,-1.0,-1.0,0.1459853083213861
exp3_12,Forced,-1.0,0.0,2.3704541351548234
exp3_12,Forced,-1.0,1.0,5.945221213636184
exp3_12,Forced,0.0,-1.0,0.1640658139329213
exp3_12,Forced,0.0,0.0,2.543107861189272
exp3_12,Forced,0.0,1.0,6.088713231489576
exp3_12,Forced,1.0,-1.0,0.17362863385165303
exp3_12,Forced,1.0,0.0,2.3306458518323314
exp3_12,Forced,1.0,1.0,4.832204228716772
exp3_120,Replayed,-1.0,-1.0,0.006118826907961002
exp3_120,Replayed,-1.0,0.0,0.2585014781023905
exp3_120,Replayed,-1.0,1.0,0.7686607081029024
exp3_120,Replayed,0.0,-1.0,0.006164682512990922
exp3_120,Replayed,0.0,0.0,0.23863220846814379
exp3_120,Replayed,0.0,1.0,0.6501659095564647
exp3_120,Replayed,1.0,-1.0,0.0059239372195610575
exp3_120,Replayed,1.0,0.0,0.27287015016006766
exp3_120,Replayed,1.0,1.0,0.8846640933117861
exp3_121,Replayed,-1.0,-1.0,0.012219167492909454
exp3_121,Replayed,-1.0,0.0,0.7608625239962162
exp3_121,Replayed,-1.0,1.0,3.0097346127162554
exp3_121,Replayed,0.0,-1.0,0.008431201773731488
exp3_121,Replayed,0.0,0.0,0.4065974128570596
exp3_121,Replayed,0.0,1.0,1.2456532700821414
exp3_121,Replayed,1.0,-1.0,0.011073208059830543
exp3_121,Replayed,1.0,0.0,0.7803187275366582
exp3_121,Replayed,1.0,1.0,3.4932368542772663
exp3_122,Replayed,-1.0,-1.0,0.028618195304517317
exp3_122,Replayed,-1.0,0.0,0.09257990811754167
exp3_122,Replayed,-1.0,1.0,0.15443333532920245
exp3_122,Replayed,0.0,-1.0,0.030301460729733967
exp3_122,Replayed,0.0,0.0,0.08305094955940275
exp3_122,Replayed,0.0,1.0,0.11737495619302477
exp3_122,Replayed,1.0,-1.0,0.027841331723935346
exp3_122,Replayed,1.0,0.0,0.12522628243064093
exp3_122,Replayed,1.0,1.0,0.29043621909379363
exp3_123,Replayed,-1.0,-1.0,1.3938234072594073
exp3_123,Replayed,-1.0,0.0,3.8224320560638216
exp3_123,Replayed,-1.0,1.0,5.222100726493522
exp3_123,Replayed,0.0,-1.0,1.0221634391221688
exp3_123,Replayed,0.0,0.0,2.7324791446863106
exp3_123,Replayed,0.0,1.0,3.638872323518723
exp3_123,Replayed,1.0,-1.0,1.9254837808780276
exp3_123,Replayed,1.0,0.0,4.723270436723196
exp3_123,Replayed,1.0,1.0,5.77190545895463
exp3_124,Replayed,-1.0,-1.0,0.02441394562603231
exp3_124,Replayed,-1.0,0.0,0.7797150822835851
exp3_124,Replayed,-1.0,1.0,3.672668006392856
exp3_124,Replayed,0.0,-1.0,0.009745050917076895
exp3_124,Replayed,0.0,0.0,0.5034286491714337
exp3_124,Replayed,0.0,1.0,3.8356548082632775
exp3_124,Replayed,1.0,-1.0,0.02539977930435654
exp3_124,Replayed,1.0,0.0,0.7274538102393073
exp3_124,Replayed,1.0,1.0,3.0727602605239106
exp3_125,Replayed,-1.0,-1.0,0.09673107956915958
exp3_125,Replayed,-1.0,0.0,0.6220411842479329
exp3_125,Replayed,-1.0,1.0,3.2112917325474504
exp3_125,Replayed,0.0,-1.0,0.08584195719839534
exp3_125,Replayed,0.0,0.0,0.6337445423278576
exp3_125,Replayed,0.0,1.0,3.7560932923224017
exp3_125,Replayed,1.0,-1.0,0.0814366127760778
exp3_125,Replayed,1.0,0.0,0.5830872976628283
exp3_125,Replayed,1.0,1.0,3.351621568210302
exp3_126,Replayed,-1.0,-1.0,0.6643949800987407
exp3_126,Replayed,-1.0,0.0,2.2519302641165173
exp3_126,Replayed,-1.0,1.0,4.120323424630548
exp3_126,Replayed,0.0,-1.0,0.14521509439348854
exp3_126,Replayed,0.0,0.0,0.988999779194649
exp3_126,Replayed,0.0,1.0,3.6360379089769475
exp3_126,Replayed,1.0,-1.0,0.8454139772699686
exp3_126,Replayed,1.0,0.0,2.497716925258013
exp3_126,Replayed,1.0,1.0,3.983499660132506
exp3_127,Replayed,-1.0,-1.0,0.02229508088893663
exp3_127,Replayed,-1.0,0.0,0.6816417866461002
exp3_127,Replayed,-1.0,1.0,4.852197687664483
exp3_127,Replayed,0.0,-1.0,0.02053545108187413
exp3_127,Replayed,0.0,0.0,0.6076676869411384
exp3_127,Replayed,0.0,1.0,4.186616357103703
exp3_127,Replayed,1.0,-1.0,0.013848138923338676
exp3_127,Replayed,1.0,0.0,0.49814864004099585
exp3_127,Replayed,1.0,1.0,4.172166321245787
exp3_128,Replayed,-1.0,-1.0,0.009397630465902283
exp3_128,Replayed,-1.0,0.0,0.7121306996664569
exp3_128,Replayed,-1.0,1.0,2.4670144568982675
exp3_128,Replayed,0.0,-1.0,0.006153860596429084
exp3_128,Replayed,0.0,0.0,0.5820120561934086
exp3_128,Replayed,0.0,1.0,2.5164421410670315
exp3_128,Replayed,1.0,-1.0,0.0140967953938064
exp3_128,Replayed,1.0,0.0,0.9752247279675398
exp3_128,Replayed,1.0,1.0,3.0843215950870775
exp3_129,Replayed,-1.0,-1.0,0.22383948034274756
exp3_129,Replayed,-1.0,0.0,1.1200379510375273
exp3_129,Replayed,-1.0,1.0,3.019765232068675
exp3_129,Replayed,0.0,-1.0,0.1255092066295562
exp3_129,Replayed,0.0,0.0,0.9709745648484498
exp3_129,Replayed,0.0,1.0,4.047478172309384
exp3_129,Replayed,1.0,-1.0,0.22878264750629368
exp3_129,Replayed,1.0,0.0,1.4328055984223496
exp3_129,Replayed,1.0,1.0,4.834993012360052
exp3_13,Forced,-1.0,-1.0,2.0975487578888408
exp3_13,Forced,-1.0,0.0,3.945405431080731
exp3_13,Forced,-1.0,1.0,6.216406522152825
exp3_13,Forced,0.0,-1.0,2.153662666742827
exp3_13,Forced,0.0,0.0,3.9989980244654193
exp3_13,Forced,0.0,1.0,6.220035961621414
exp3_13,Forced,1.0,-1.0,1.7175539362769825
exp3_13,Forced,1.0,0.0,4.544475522948897
exp3_13,Forced,1.0,1.0,10.072223388611858
exp3_130,Replayed,-1.0,-1.0,0.019227108569589087
exp3_130,Replayed,-1.0,0.0,0.2791793575240575
exp3_130,Replayed,-1.0,1.0,1.3763716833302935
exp3_130,Replayed,0.0,-1.0,0.013411372236572962
exp3_130,Replayed,0.0,0.0,0.2319078383782569
exp3_130,Replayed,0.0,1.0,1.361572401416358
exp3_130,Replayed,1.0,-1.0,0.015770373766430725
exp3_130,Replayed,1.0,0.0,0.3181773252381016
exp3_130,Replayed,1.0,1.0,2.1796138935465805
exp3_131,Replayed,-1.0,-1.0,0.004795180728361374
exp3_131,Replayed,-1.0,0.0,0.6034541453641131
exp3_131,Replayed,-1.0,1.0,2.658652351325558
exp3_131,Replayed,0.0,-1.0,0.0036560553934354444
exp3_131,Replayed,0.0,0.0,0.36131649035185587
exp3_131,Replayed,0.0,1.0,1.2500885615416
exp3_131,Replayed,1.0,-1.0,0.002739907135047776
exp3_131,Replayed,1.0,0.0,0.4956606062709829
exp3_131,Replayed,1.0,1.0,3.13914189162943
exp3_132,Replayed,-1.0,-1.0,0.0960948058082164
exp3_132,Replayed,-1.0,0.0,0.8980783523490421
exp3_132,Replayed,-1.0,1.0,4.621613160762119
exp3_132,Replayed,0.0,-1.0,0.09826396149450806
exp3_132,Replayed,0.0,0.0,0.8961903366451107
exp3_132,Replayed,0.0,1.0,4.500609093469997
exp3_132,Replayed,1.0,-1.0,0.0461603277949494
exp3_132,Replayed,1.0,0.0,0.6711268034951023
exp3_132,Replayed,1.0,1.0,5.372857625501518
exp3_133,Replayed,-1.0,-1.0,0.5084000320000605
exp3_133,Replayed,-1.0,0.0,2.0540015836240033
exp3_133,Replayed,-1.0,1.0,5.624815949720509
exp3_133,Replayed,0.0,-1.0,0.19609525007148962
exp3_133,Replayed,0.0,0.0,1.2895410690844753
exp3_133,Replayed,0.0,1.0,5.747984911282612
exp3_133,Replayed,1.0,-1.0,0.3074243539874854
exp3_133,Replayed,1.0,0.0,1.5539677010692592
exp3_133,Replayed,1.0,1.0,5.324245150457048
exp3_134,Replayed,-1.0,-1.0,0.05447197978461518
exp3_134,Replayed,-1.0,0.0,0.7740318233672305
exp3_134,Replayed,-1.0,1.0,4.545987933861397
exp3_134,Replayed,0.0,-1.0,0.04883612925724245
exp3_134,Replayed,0.0,0.0,0.7271188738012885
exp3_134,Replayed,0.0,1.0,4.4745916367497305
exp3_134,Replayed,1.0,-1.0,0.0719827439697953
exp3_134,Replayed,1.0,0.0,0.9541396171445227
exp3_134,Replayed,1.0,1.0,5.227322143711377
exp3_135,Replayed,-1.0,-1.0,0.026741026736799647
exp3_135,Replayed,-1.0,0.0,0.635646439269536
exp3_135,Replayed,-1.0,1.0,3.460504510218451
exp3_135,Replayed,0.0,-1.0,0.017382169323860486
exp3_135,Replayed,0.0,0.0,0.5372867299054555
exp3_135,Replayed,0.0,1.0,3.803597149910928
exp3_135,Replayed,1.0,-1.0,0.012164981255588006
exp3_135,Replayed,1.0,0.0,0.39504707821383367
exp3_135,Replayed,1.0,1.0,2.9381402647894084
exp3_136,Replayed,-1.0,-1.0,-0.16151172767612526
exp3_136,Replayed,-1.0,0.0,0.09925936124641992
exp3_136,Replayed,-1.0,1.0,2.081596051803814
exp3_136,Replayed,0.0,-1.0,-0.11413032429446346
exp3_136,Replayed,0.0,0.0,0.0837181013770783
exp3_136,Replayed,0.0,1.0,2.095536625606249
exp3_136,Replayed,1.0,-1.0,-0.09721070657691532
exp3_136,Replayed,1.0,0.0,0.0950673091474981
exp3_136,Replayed,1.0,1.0,3.1725309620476447
exp3_137,Replayed,-1.0,-1.0,-0.048735258518485605
exp3_137,Replayed,-1.0,0.0,0.061410980285463254
exp3_137,Replayed,-1.0,1.0,0.250641004122886
exp3_137,Replayed,0.0,-1.0,-0.04589837039812077
exp3_137,Replayed,0.0,0.0,0.07955355179070574
exp3_137,Replayed,0.0,1.0,0.44660668340817733
exp3_137,Replayed,1.0,-1.0,-0.066738765084269
exp3_137,Replayed,1.0,0.0,0.07734693150435003
exp3_137,Replayed,1.0,1.0,0.29034299196498853
exp3_138,Replayed,-1.0,-1.0,-0.035818641018376354
exp3_138,Replayed,-1.0,0.0,0.7714672127567122
exp3_138,Replayed,-1.0,1.0,3.1582913665350283
exp3_138,Replayed,0.0,-1.0,-0.017523341913260295
exp3_138,Replayed,0.0,0.0,0.46239075480690905
exp3_138,Replayed,0.0,1.0,2.31914391693182
exp3_138,Replayed,1.0,-1.0,-0.016330580361791143
exp3_138,Replayed,1.0,0.0,0.42616849078906305
exp3_138,Replayed,1.0,1.0,2.1139144373698193
exp3_139,Replayed,-1.0,-1.0,0.03452848057339358
exp3_139,Replayed,-1.0,0.0,0.6823506993117524
exp3_139,Replayed,-1.0,1.0,3.901746016735786
exp3_139,Replayed,0.0,-1.0,0.01780026201210028
exp3_139,Replayed,0.0,0.0,0.47380184227114563
exp3_139,Replayed,0.0,1.0,3.649121102826072
exp3_139,Replayed,1.0,-1.0,0.019227176158819803
exp3_139,Replayed,1.0,0.0,0.5789266284057081
exp3_139,Replayed,1.0,1.0,5.043740427940381
exp3_14,Forced,-1.0,-1.0,0.0034986276091580866
exp3_14,Forced,-1.0,0.0,0.008282017882739466
exp3_14,Forced,-1.0,1.0,0.010756810633229948
exp3_14,Forced,0.0,-1.0,0.003793847254151095
exp3_14,Forced,0.0,0.0,0.008869891302799606
exp3_14,Forced,0.0,1.0,0.01137799315986919
exp3_14,Forced,1.0,-1.0,0.003143772553853729
exp3_14,Forced,1.0,0.0,0.007494617432566934
exp3_14,Forced,1.0,1.0,0.009802948795436873
exp3_140,Replayed,-1.0,-1.0,-0.028777229766771936
exp3_140,Replayed,-1.0,0.0,0.43324189142861574
exp3_140,Replayed,-1.0,1.0,1.62793426543253
exp3_140,Replayed,0.0,-1.0,-0.022664151500634458
exp3_140,Replayed,0.0,0.0,0.46258678780232076
exp3_140,Replayed,0.0,1.0,2.3565244320931384
exp3_140,Replayed,1.0,-1.0,-0.021362869397475535
exp3_140,Replayed,1.0,0.0,0.43803900317217065
exp3_140,Replayed,1.0,1.0,2.2417694217558384
exp3_141,Replayed,-1.0,-1.0,0.03346735696727232
exp3_141,Replayed,-1.0,0.0,0.98970230589217
exp3_141,Replayed,-1.0,1.0,4.150121886834944
exp3_141,Replayed,0.0,-1.0,0.026623136691065735
exp3_141,Replayed,0.0,0.0,0.9625428223948601
exp3_141,Replayed,0.0,1.0,4.9346232584893
exp3_141,Replayed,1.0,-1.0,0.03258817535838921
exp3_141,Replayed,1.0,0.0,1.0205932251487715
exp3_141,Replayed,1.0,1.0,4.532297625183727
exp3_142,Replayed,-1.0,-1.0,0.09064367314975708
exp3_142,Replayed,-1.0,0.0,1.1325889186150508
exp3_142,Replayed,-1.0,1.0,3.6292917175741013
exp3_142,Replayed,0.0,-1.0,0.035591346825344365
exp3_142,Replayed,0.0,0.0,0.70419146901484
exp3_142,Replayed,0.0,1.0,3.5731549828437736
exp3_142,Replayed,1.0,-1.0,0.14096304549133257
exp3_142,Replayed,1.0,0.0,1.3649707702420926
exp3_142,Replayed,1.0,1.0,3.389660372863321
exp3_143,Replayed,-1.0,-1.0,-0.05752893182165541
exp3_143,Replayed,-1.0,0.0,0.1392875083779829
exp3_143,Replayed,-1.0,1.0,0.40536871696826315
exp3_143,Replayed,0.0,-1.0,-0.06020747669861682
exp3_143,Replayed,0.0,0.0,0.1023609855985236
exp3_143,Replayed,0.0,1.0,0.2091850739180201
exp3_143,Replayed,1.0,-1.0,-0.0788332786302098
exp3_143,Replayed,1.0,0.0,0.15053029740930834
exp3_143,Replayed,1.0,1.0,0.34550190930909086
exp3_144,Replayed,-1.0,-1.0,0.1971130617825808
exp3_144,Replayed,-1.0,0.0,1.7120231981300083
exp3_144,Replayed,-1.0,1.0,4.24179096235519
exp3_144,Replayed,0.0,-1.0,0.44808078482220254
exp3_144,Replayed,0.0,0.0,2.7949917977906007
exp3_144,Replayed,0.0,1.0,4.973362682197472
exp3_144,Replayed,1.0,-1.0,0.2109039645653889
exp3_144,Replayed,1.0,0.0,1.8337606543469558
exp3_144,Replayed,1.0,1.0,4.548266804600006
exp3_145,Replayed,-1.0,-1.0,0.00648275977765903
exp3_145,Replayed,-1.0,0.0,0.014083689285864835
exp3_145,Replayed,-1.0,1.0,0.02150711968888323
exp3_145,Replayed,0.0,-1.0,0.0076959356082607075
exp3_145,Replayed,0.0,0.0,0.018541686406624954
exp3_145,Replayed,0.0,1.0,0.031401207491436
exp3_145,Replayed,1.0,-1.0,0.006003624914519207
exp3_145,Replayed,1.0,0.0,0.01186012735069959
exp3_145,Replayed,1.0,1.0,0.016469274349830948
exp3_146,Replayed,-1.0,-1.0,0.7135416451392702
exp3_146,Replayed,-1.0,0.0,2.3678827422305337
exp3_146,Replayed,-1.0,1.0,5.3233117967879044
exp3_146,Replayed,0.0,-1.0,1.0049884036693522
exp3_146,Replayed,0.0,0.0,2.814034822634104
exp3_146,Replayed,0.0,1.0,5.33800196536796
exp3_146,Replayed,1.0,-1.0,1.5766000216655918
exp3_146,Replayed,1.0,0.0,3.4845358780787463
exp3_146,Replayed,1.0,1.0,5.21734070416743
exp3_147,Replayed,-1.0,-1.0,1.5062822173491957
exp3_147,Replayed,-1.0,0.0,3.6515673616314315
exp3_147,Replayed,-1.0,1.0,5.521972045504495
exp3_147,Replayed,0.0,-1.0,1.07273929787974
exp3_147,Replayed,0.0,0.0,3.1983007775118915
exp3_147,Replayed,0.0,1.0,5.948210595667224
exp3_147,Replayed,1.0,-1.0,0.554107621926792
exp3_147,Replayed,1.0,0.0,2.035513153136877
exp3_147,Replayed,1.0,1.0,4.664398226430966
exp3_148,Forced,-1.0,-1.0,1.6447653641533106
exp3_148,Forced,-1.0,0.0,3.483605412815098
exp3_148,Forced,-1.0,1.0,5.076730706264921
exp3_148,Forced,0.0,-1.0,1.2914114506141308
exp3_148,Forced,0.0,0.0,3.1684345333290125
exp3_148,Forced,0.0,1.0,5.34878336884539
exp3_148,Forced,1.0,-1.0,1.2600756832694362
exp3_148,Forced,1.0,0.0,3.290855419478758
exp3_148,Forced,1.0,1.0,5.913589031414335
exp3_149,Forced,-1.0,-1.0,1.2702816290499854
exp3_149,Forced,-1.0,0.0,2.7669904890444244
exp3_149,Forced,-1.0,1.0,4.953008963449132
exp3_149,Forced,0.0,-1.0,1.0415877454844105
exp3_149,Forced,0.0,0.0,2.3654469816324593
exp3_149,Forced,0.0,1.0,4.414528994365435
exp3_149,Forced,1.0,-1.0,1.989425641594522
exp3_149,Forced,1.0,0.0,3.2222751018388247
exp3_149,Forced,1.0,1.0,4.288953309675798
exp3_15,Forced,-1.0,-1.0,0.0021479627158260063
exp3_15,Forced,-1.0,0.0,0.008753674803807376
exp3_15,Forced,-1.0,1.0,0.015765398474637336
exp3_15,Forced,0.0,-1.0,0.0020900159090087725
exp3_15,Forced,0.0,0.0,0.008408173993594144
exp3_15,Forced,0.0,1.0,0.014948742526046725
exp3_15,Forced,1.0,-1.0,0.0022598915539310226
exp3_15,Forced,1.0,0.0,0.01047369886592073
exp3_15,Forced,1.0,1.0,0.0214517852506057
exp3_150,Forced,-1.0,-1.0,0.37188662527044863
exp3_150,Forced,-1.0,0.0,1.8723232080457006
exp3_150,Forced,-1.0,1.0,6.1186775352708125
exp3_150,Forced,0.0,-1.0,0.2444058985700583
exp3_150,Forced,0.0,0.0,1.1610533342337757
exp3_150,Forced,0.0,1.0,3.5801328366977256
exp3_150,Forced,1.0,-1.0,0.8670608914285269
exp3_150,Forced,1.0,0.0,2.1303648026599884
exp3_150,Forced,1.0,1.0,3.397542065722174
exp3_151,Forced,-1.0,-1.0,-0.03629244324027338
exp3_151,Forced,-1.0,0.0,0.5868985716643522
exp3_151,Forced,-1.0,1.0,2.751026029384898
exp3_151,Forced,0.0,-1.0,-0.030800752314157145
exp3_151,Forced,0.0,0.0,0.7141267398370383
exp3_151,Forced,0.0,1.0,4.799257659167383
exp3_151,Forced,1.0,-1.0,-0.03832278356345929
exp3_151,Forced,1.0,0.0,0.708767800882771
exp3_151,Forced,1.0,1.0,3.7995810518727606
exp3_152,Forced,-1.0,-1.0,0.009252956170054064
exp3_152,Forced,-1.0,0.0,0.6384153557548901
exp3_152,Forced,-1.0,1.0,2.757694439459593
exp3_152,Forced,0.0,-1.0,0.004367560040313999
exp3_152,Forced,0.0,0.0,0.5321061127851859
exp3_152,Forced,0.0,1.0,4.0586127153095966
exp3_152,Forced,1.0,-1.0,0.006257830390589713
exp3_152,Forced,1.0,0.0,0.5979952734422821
exp3_152,Forced,1.0,1.0,3.5775994407650957
exp3_153,Forced,-1.0,-1.0,0.10475951829027992
exp3_153,Forced,-1.0,0.0,0.8532013474702013
exp3_153,Forced,-1.0,1.0,2.3053023784286073
exp3_153,Forced,0.0,-1.0,0.07738282332679296
exp3_153,Forced,0.0,0.0,0.6644697868142607
exp3_153,Forced,0.0,1.0,1.892885009277548
exp3_153,Forced,1.0,-1.0,0.05573787742000599
exp3_153,Forced,1.0,0.0,0.6141497780482438
exp3_153,Forced,1.0,1.0,2.245000789793974
exp3_154,Forced,-1.0,-1.0,0.4152503818689434
exp3_154,Forced,-1.0,0.0,2.112932782912012
exp3_154,Forced,-1.0,1.0,4.632874562743353
exp3_154,Forced,0.0,-1.0,0.6019531514239226
exp3_154,Forced,0.0,0.0,2.4728243666600562
exp3_154,Forced,0.0,1.0,4.377368112379976
exp3_154,Forced,1.0,-1.0,0.30238665046867697
exp3_154,Forced,1.0,0.0,1.9491553589626973
exp3_154,Forced,1.0,1.0,5.414015783635534
exp3_155,Forced,-1.0,-1.0,1.7286517949213034
exp3_155,Forced,-1.0,0.0,3.6204956416148892
exp3_155,Forced,-1.0,1.0,4.492434342184777
exp3_155,Forced,0.0,-1.0,1.0030634290232971
exp3_155,Forced,0.0,0.0,2.8976824762615396
exp3_155,Forced,0.0,1.0,4.959368670166989
exp3_155,Forced,1.0,-1.0,1.398532342372347
exp3_155,Forced,1.0,0.0,3.4529245053409525
exp3_155,Forced,1.0,1.0,5.050738152311632
exp3_156,Forced,-1.0,-1.0,0.9164917907468406
exp3_156,Forced,-1.0,0.0,2.4981058005620302
exp3_156,Forced,-1.0,1.0,3.862687247249358
exp3_156,Forced,0.0,-1.0,1.3255884690388862
exp3_156,Forced,0.0,0.0,3.0689239637880963
exp3_156,Forced,0.0,1.0,4.030510051759782
exp3_156,Forced,1.0,-1.0,1.5884216733656893
exp3_156,Forced,1.0,0.0,3.1920634965270436
exp3_156,Forced,1.0,1.0,3.638930061030533
exp3_157,Forced,-1.0,-1.0,0.2835778177646432
exp3_157,Forced,-1.0,0.0,1.616095433598242
exp3_157,Forced,-1.0,1.0,3.8402905925960718
exp3_157,Forced,0.0,-1.0,0.1413879482074167
exp3_157,Forced,0.0,0.0,1.1243588344300066
exp3_157,Forced,0.0,1.0,3.728205299146614
exp3_157,Forced,1.0,-1.0,0.1303348221225077
exp3_157,Forced,1.0,0.0,1.0889377311122346
exp3_157,Forced,1.0,1.0,3.793568819101125
exp3_158,Forced,-1.0,-1.0,0.5212452272240581
exp3_158,Forced,-1.0,0.0,1.716167677659543
exp3_158,Forced,-1.0,1.0,3.6637154301059502
exp3_158,Forced,0.0,-1.0,1.169160507564367
exp3_158,Forced,0.0,0.0,2.769782615968689
exp3_158,Forced,0.0,1.0,4.254628273043808
exp3_158,Forced,1.0,-1.0,0.5175441055314769
exp3_158,Forced,1.0,0.0,2.0459963611485805
exp3_158,Forced,1.0,1.0,5.244531954433539
exp3_159,Forced,-1.0,-1.0,1.9810806574368947
exp3_159,Forced,-1.0,0.0,4.625633990698443
exp3_159,Forced,-1.0,1.0,7.23289658580425
exp3_159,Forced,0.0,-1.0,2.222682692072157
exp3_159,Forced,0.0,0.0,5.840321554436143
exp3_159,Forced,0.0,1.0,10.277037290567526
exp3_159,Forced,1.0,-1.0,1.3812324137903815
exp3_159,Forced,1.0,0.0,4.245544202172919
exp3_159,Forced,1.0,1.0,8.739203537719465
exp3_16,Forced,-1.0,-1.0,2.4118194847669
exp3_16,Forced,-1.0,0.0,5.8849256899607205
exp3_16,Forced,-1.0,1.0,8.996704125241129
exp3_16,Forced,0.0,-1.0,2.559443339737471
exp3_16,Forced,0.0,0.0,6.747695187947856
exp3_16,Forced,0.0,1.0,11.145810716079696
exp3_16,Forced,1.0,-1.0,2.3960197346939838
exp3_16,Forced,1.0,0.0,6.094617942404505
exp3_16,Forced,1.0,1.0,9.712898534301134
exp3_160,Forced,-1.0,-1.0,0.626399589789388
exp3_160,Forced,-1.0,0.0,0.5392107209441047
exp3_160,Forced,-1.0,1.0,0.43431916254862996
exp3_160,Forced,0.0,-1.0,0.29549780400343945
exp3_160,Forced,0.0,0.0,0.3714319161601528
exp3_160,Forced,0.0,1.0,0.43686534860831083
exp3_160,Forced,1.0,-1.0,0.2599560601998646
exp3_160,Forced,1.0,0.0,0.7394629430041465
exp3_160,Forced,1.0,1.0,1.9682320629497105
exp3_161,Forced,-1.0,-1.0,0.48803494117987745
exp3_161,Forced,-1.0,0.0,1.7126478897936017
exp3_161,Forced,-1.0,1.0,4.642032310822039
exp3_161,Forced,0.0,-1.0,0.41352125355773905
exp3_161,Forced,0.0,0.0,1.5368720365276103
exp3_161,Forced,0.0,1.0,4.411644307218501
exp3_161,Forced,1.0,-1.0,2.2838093887371977
exp3_161,Forced,1.0,0.0,4.566242444285925
exp3_161,Forced,1.0,1.0,7.051491510215149
exp3_162,Forced,-1.0,-1.0,2.589541606651184
exp3_162,Forced,-1.0,0.0,5.5479102612318245
exp3_162,Forced,-1.0,1.0,7.006049593595648
exp3_162,Forced,0.0,-1.0,2.2565317650163585
exp3_162,Forced,0.0,0.0,4.4896408419567315
exp3_162,Forced,0.0,1.0,5.2652499665396
exp3_162,Forced,1.0,-1.0,0.5623595139458878
exp3_162,Forced,1.0,0.0,2.504061947749677
exp3_162,Forced,1.0,1.0,6.572238809747442
exp3_163,Forced,-1.0,-1.0,0.13106708342796738
exp3_163,Forced,-1.0,0.0,1.0910526089161896
exp3_163,Forced,-1.0,1.0,5.134289540340762
exp3_163,Forced,0.0,-1.0,0.12557070652735777
exp3_163,Forced,0.0,0.0,1.0106475382133713
exp3_163,Forced,0.0,1.0,4.598262018431863
exp3_163,Forced,1.0,-1.0,0.20761355666274836
exp3_163,Forced,1.0,0.0,1.294243376377453
exp3_163,Forced,1.0,1.0,4.560986650989178
exp3_164,Forced,-1.0,-1.0,0.043925003660124
exp3_164,Forced,-1.0,0.0,0.6634215371395249
exp3_164,Forced,-1.0,1.0,3.8116124294050913
exp3_164,Forced,0.0,-1.0,0.024518485447328077
exp3_164,Forced,0.0,0.0,0.4913897886152085
exp3_164,Forced,0.0,1.0,3.7462781864854544
exp3_164,Forced,1.0,-1.0,0.04293276735104363
exp3_164,Forced,1.0,0.0,0.6830232999968454
exp3_164,Forced,1.0,1.0,4.133553503736752
exp3_165,Forced,-1.0,-1.0,0.5840333728422383
exp3_165,Forced,-1.0,0.0,3.0157086004778773
exp3_165,Forced,-1.0,1.0,8.9560490995341
exp3_165,Forced,0.0,-1.0,0.4203725891298473
exp3_165,Forced,0.0,0.0,1.9674060216389995
exp3_165,Forced,0.0,1.0,5.295768401833046
exp3_165,Forced,1.0,-1.0,0.7446487382831984
exp3_165,Forced,1.0,0.0,3.5185637516978776
exp3_165,Forced,1.0,1.0,9.562132813873971
exp3_166,Forced,-1.0,-1.0,0.25217148751142626
exp3_166,Forced,-1.0,0.0,1.726699860624212
exp3_166,Forced,-1.0,1.0,5.485873816310757
exp3_166,Forced,0.0,-1.0,0.7111304352098019
exp3_166,Forced,0.0,0.0,3.1466128097763533
exp3_166,Forced,0.0,1.0,6.460192107157954
exp3_166,Forced,1.0,-1.0,0.4225450815971699
exp3_166,Forced,1.0,0.0,2.195346339086039
exp3_166,Forced,1.0,1.0,5.292259417903273
exp3_167,Forced,-1.0,-1.0,1.0892832903110463
exp3_167,Forced,-1.0,0.0,4.131534963714015
exp3_167,Forced,-1.0,1.0,9.153059157422437
exp3_167,Forced,0.0,-1.0,0.8530815586715026
exp3_167,Forced,0.0,0.0,2.841924209422222
exp3_167,Forced,0.0,1.0,5.5299177981826215
exp3_167,Forced,1.0,-1.0,1.4697405926958893
exp3_167,Forced,1.0,0.0,4.782117722644444
exp3_167,Forced,1.0,1.0,9.088329896579209
exp3_168,Forced,-1.0,-1.0,0.31489689532879456
exp3_168,Forced,-1.0,0.0,1.9981373559980946
exp3_168,Forced,-1.0,1.0,5.7424445169948495
exp3_168,Forced,0.0,-1.0,0.3117107211462121
exp3_168,Forced,0.0,0.0,2.1029188544538293
exp3_168,Forced,0.0,1.0,6.425512872739534
exp3_168,Forced,1.0,-1.0,0.7169633314979987
exp3_168,Forced,1.0,0.0,3.0080796485947854
exp3_168,Forced,1.0,1.0,5.716052729465785
exp3_169,Forced,-1.0,-1.0,0.8423984227062834
exp3_169,Forced,-1.0,0.0,2.5300845149360707
exp3_169,Forced,-1.0,1.0,4.603768269598032
exp3_169,Forced,0.0,-1.0,0.7275926959208169
exp3_169,Forced,0.0,0.0,2.775324141671229
exp3_169,Forced,0.0,1.0,6.413572958124962
exp3_169,Forced,1.0,-1.0,0.6436026097458396
exp3_169,Forced,1.0,0.0,2.4286028619550395
exp3_169,Forced,1.0,1.0,5.552085578913023
exp3_17,Forced,-1.0,-1.0,1.9939724817685418
exp3_17,Forced,-1.0,0.0,4.385225482124075
exp3_17,Forced,-1.0,1.0,6.073729789456851
exp3_17,Forced,0.0,-1.0,1.7862363413686644
exp3_17,Forced,0.0,0.0,4.188493541062958
exp3_17,Forced,0.0,1.0,6.1853965591193285
exp3_17,Forced,1.0,-1.0,2.7060115851527566
exp3_17,Forced,1.0,0.0,6.149696708324895
exp3_17,Forced,1.0,1.0,8.801739543980297
exp3_170,Forced,-1.0,-1.0,0.37241056966665265
exp3_170,Forced,-1.0,0.0,1.0921526603782548
exp3_170,Forced,-1.0,1.0,1.8738788585732349
exp3_170,Forced,0.0,-1.0,0.4095550563426678
exp3_170,Forced,0.0,0.0,1.2396868341772944
exp3_170,Forced,0.0,1.0,2.1953739148764173
exp3_170,Forced,1.0,-1.0,0.5286388434070156
exp3_170,Forced,1.0,0.0,1.5485848510470903
exp3_170,Forced,1.0,1.0,2.654041783285916
exp3_171,Forced,-1.0,-1.0,0.044313058287372926
exp3_171,Forced,-1.0,0.0,0.8879405839435243
exp3_171,Forced,-1.0,1.0,3.0508547867605436
exp3_171,Forced,0.0,-1.0,0.01381237574208081
exp3_171,Forced,0.0,0.0,0.44422280067193626
exp3_171,Forced,0.0,1.0,2.449733020547233
exp3_171,Forced,1.0,-1.0,0.02260091882078336
exp3_171,Forced,1.0,0.0,0.48289138193203734
exp3_171,Forced,1.0,1.0,1.7691239526583502
exp3_172,Forced,-1.0,-1.0,0.8447457838769501
exp3_172,Forced,-1.0,0.0,2.2079964292169585
exp3_172,Forced,-1.0,1.0,3.99563436181187
exp3_172,Forced,0.0,-1.0,1.0409486943503479
exp3_172,Forced,0.0,0.0,2.301529940091859
exp3_172,Forced,0.0,1.0,3.5230513383124733
exp3_172,Forced,1.0,-1.0,1.640383230049709
exp3_172,Forced,1.0,0.0,3.404338553086438
exp3_172,Forced,1.0,1.0,4.891422807031852
exp3_173,Forced,-1.0,-1.0,0.025840019777126903
exp3_173,Forced,-1.0,0.0,0.07026747462627556
exp3_173,Forced,-1.0,1.0,0.11650300902079473
exp3_173,Forced,0.0,-1.0,0.024400677334140655
exp3_173,Forced,0.0,0.0,0.08721630026470584
exp3_173,Forced,0.0,1.0,0.19007050595601152
exp3_173,Forced,1.0,-1.0,0.025365578996951656
exp3_173,Forced,1.0,0.0,0.06959286220466551
exp3_173,Forced,1.0,1.0,0.11641418712348628
exp3_174,Forced,-1.0,-1.0,0.32245829074687943
exp3_174,Forced,-1.0,0.0,1.8067974466372918
exp3_174,Forced,-1.0,1.0,4.8680003224992525
exp3_174,Forced,0.0,-1.0,0.28344928186584584
exp3_174,Forced,0.0,0.0,1.6721793234067308
exp3_174,Forced,0.0,1.0,4.743463320847276
exp3_174,Forced,1.0,-1.0,0.43256691025394073
exp3_174,Forced,1.0,0.0,2.4282346010876723
exp3_174,Forced,1.0,1.0,6.554403922216153
exp3_175,Forced,-1.0,-1.0,1.8685693646347024
exp3_175,Forced,-1.0,0.0,5.026141839577584
exp3_175,Forced,-1.0,1.0,9.527366547138746
exp3_175,Forced,0.0,-1.0,2.548439444543682
exp3_175,Forced,0.0,0.0,5.20527973242504
exp3_175,Forced,0.0,1.0,7.492494732521128
exp3_175,Forced,1.0,-1.0,2.3352215218992556
exp3_175,Forced,1.0,0.0,4.68101689156293
exp3_175,Forced,1.0,1.0,6.6124888043012975
exp3_176,Forced,-1.0,-1.0,2.0318426304349613
exp3_176,Forced,-1.0,0.0,4.056790474948487
exp3_176,Forced,-1.0,1.0,5.806636660188766
exp3_176,Forced,0.0,-1.0,0.7948336572516829
exp3_176,Forced,0.0,0.0,2.7452684805609593
exp3_176,Forced,0.0,1.0,6.797402120355614
exp3_176,Forced,1.0,-1.0,1.2043465097403627
exp3_176,Forced,1.0,0.0,3.844266861687645
exp3_176,Forced,1.0,1.0,8.796808981898385
exp3_177,Forced,-1.0,-1.0,0.013579244963553281
exp3_177,Forced,-1.0,0.0,0.05599815004268832
exp3_177,Forced,-1.0,1.0,0.10110099978199807
exp3_177,Forced,0.0,-1.0,0.016799832004836115
exp3_177,Forced,0.0,0.0,0.061558065056629245
exp3_177,Forced,0.0,1.0,0.09875263555876168
exp3_177,Forced,1.0,-1.0,0.014567312466106382
exp3_177,Forced,1.0,0.0,0.060708182627228616
exp3_177,Forced,1.0,1.0,0.1107640281854843
exp3_178,Forced,-1.0,-1.0,0.04545852145986611
exp3_178,Forced,-1.0,0.0,0.5207206383323599
exp3_178,Forced,-1.0,1.0,3.9486926093631616
exp3_178,Forced,0.0,-1.0,0.03174938284418401
exp3_178,Forced,0.0,0.0,0.48148296029119275
exp3_178,Forced,0.0,1.0,4.833765832101807
exp3_178,Forced,1.0,-1.0,0.03509206028241778
exp3_178,Forced,1.0,0.0,0.48552845381641935
exp3_178,Forced,1.0,1.0,4.4471272558131005
exp3_179,Forced,-1.0,-1.0,0.3080763262532127
exp3_179,Forced,-1.0,0.0,1.5466871500927488
exp3_179,Forced,-1.0,1.0,5.034169150343409
exp3_179,Forced,0.0,-1.0,0.18390281678084952
exp3_179,Forced,0.0,0.0,1.1737418500287635
exp3_179,Forced,0.0,1.0,4.856663055134377
exp3_179,Forced,1.0,-1.0,0.46906071796578946
exp3_179,Forced,1.0,0.0,1.9010041858358095
exp3_179,Forced,1.0,1.0,4.994801784393575
exp3_18,Forced,-1.0,-1.0,0.13190515769380376
exp3_18,Forced,-1.0,0.0,1.091345783675389
exp3_18,Forced,-1.0,1.0,4.514885082319936
exp3_18,Forced,0.0,-1.0,0.07167456312019294
exp3_18,Forced,0.0,0.0,0.8605836507704536
exp3_18,Forced,0.0,1.0,5.166600196725968
exp3_18,Forced,1.0,-1.0,0.09233259348443221
exp3_18,Forced,1.0,0.0,0.8788134594776281
exp3_18,Forced,1.0,1.0,4.182366558258114
exp3_180,Forced,-1.0,-1.0,0.08049835098394477
exp3_180,Forced,-1.0,0.0,0.9651286918632025
exp3_180,Forced,-1.0,1.0,2.7517472038574677
exp3_180,Forced,0.0,-1.0,0.09070001909818116
exp3_180,Forced,0.0,0.0,0.9265682890163047
exp3_180,Forced,0.0,1.0,2.2509847424068923
exp3_180,Forced,1.0,-1.0,0.09476755506774608
exp3_180,Forced,1.0,0.0,0.8503215504457013
exp3_180,Forced,1.0,1.0,1.8143946631668866
exp3_181,Forced,-1.0,-1.0,1.3105246305167149
exp3_181,Forced,-1.0,0.0,2.88724143929228
exp3_181,Forced,-1.0,1.0,4.384706700707511
exp3_181,Forced,0.0,-1.0,1.1479889638982084
exp3_181,Forced,0.0,0.0,2.8541321634285963
exp3_181,Forced,0.0,1.0,4.89136393886014
exp3_181,Forced,1.0,-1.0,1.3956728478210163
exp3_181,Forced,1.0,0.0,3.3778051793688197
exp3_181,Forced,1.0,1.0,5.635145007429261
exp3_182,Forced,-1.0,-1.0,2.321653628289012
exp3_182,Forced,-1.0,0.0,6.6032999783103135
exp3_182,Forced,-1.0,1.0,10.661639799996747
exp3_182,Forced,0.0,-1.0,3.38000212000606
exp3_182,Forced,0.0,0.0,8.42828740345631
exp3_182,Forced,0.0,1.0,11.930566870548766
exp3_182,Forced,1.0,-1.0,1.5059410104040882
exp3_182,Forced,1.0,0.0,5.383465973168581
exp3_182,Forced,1.0,1.0,10.924846994153945
exp3_183,Forced,-1.0,-1.0,0.7271695047760709
exp3_183,Forced,-1.0,0.0,2.192616090575284
exp3_183,Forced,-1.0,1.0,4.624221640361975
exp3_183,Forced,0.0,-1.0,1.7285972878412708
exp3_183,Forced,0.0,0.0,4.049904997624475
exp3_183,Forced,0.0,1.0,6.636589411375511
exp3_183,Forced,1.0,-1.0,1.9992260846966405
exp3_183,Forced,1.0,0.0,4.065123743074465
exp3_183,Forced,1.0,1.0,5.7814228738043685
exp3_184,Forced,-1.0,-1.0,1.6545018701229612
exp3_184,Forced,-1.0,0.0,3.4623350763451675
exp3_184,Forced,-1.0,1.0,4.951563462922619
exp3_184,Forced,0.0,-1.0,1.0972533180354698
exp3_184,Forced,0.0,0.0,2.553286208981978
exp3_184,Forced,0.0,1.0,4.06035043033247
exp3_184,Forced,1.0,-1.0,1.6238418473283762
exp3_184,Forced,1.0,0.0,3.2180608709312253
exp3_184,Forced,1.0,1.0,4.35829076654754
exp3_185,Forced,-1.0,-1.0,0.6843522054166884
exp3_185,Forced,-1.0,0.0,2.3504670018122034
exp3_185,Forced,-1.0,1.0,4.3706884115768
exp3_185,Forced,0.0,-1.0,0.8664267416372599
exp3_185,Forced,0.0,0.0,2.8467196204975402
exp3_185,Forced,0.0,1.0,5.063825623171484
exp3_185,Forced,1.0,-1.0,0.5333355812937706
exp3_185,Forced,1.0,0.0,2.148791893844061
exp3_185,Forced,1.0,1.0,4.6871554394077
exp3_186,Forced,-1.0,-1.0,1.2965660020010688
exp3_186,Forced,-1.0,0.0,3.5753449399274024
exp3_186,Forced,-1.0,1.0,6.965672480074869
exp3_186,Forced,0.0,-1.0,1.790551644701433
exp3_186,Forced,0.0,0.0,4.293970521859492
exp3_186,Forced,0.0,1.0,7.275335910414232
exp3_186,Forced,1.0,-1.0,1.986234563141804
exp3_186,Forced,1.0,0.0,4.211786729290298
exp3_186,Forced,1.0,1.0,6.309922036498243
exp3_187,Forced,-1.0,-1.0,0.8731182395899941
exp3_187,Forced,-1.0,0.0,2.7939817989503926
exp3_187,Forced,-1.0,1.0,6.0120284812167615
exp3_187,Forced,0.0,-1.0,1.7338647207116968
exp3_187,Forced,0.0,0.0,3.9253250876206764
exp3_187,Forced,0.0,1.0,5.975620311865898
exp3_187,Forced,1.0,-1.0,1.4810202581052
exp3_187,Forced,1.0,0.0,3.6239617630910246
exp3_187,Forced,1.0,1.0,5.962840043141231
exp3_188,Forced,-1.0,-1.0,0.00847826955864414
exp3_188,Forced,-1.0,0.0,0.03856255913623248
exp3_188,Forced,-1.0,1.0,0.06696835653054788
exp3_188,Forced,0.0,-1.0,0.00757728295487767
exp3_188,Forced,0.0,0.0,0.031636259263491236
exp3_188,Forced,0.0,1.0,0.05043150322833751
exp3_188,Forced,1.0,-1.0,0.007756533299497945
exp3_188,Forced,1.0,0.0,0.06160986315460548
exp3_188,Forced,1.0,1.0,0.18684349989290625
exp3_189,Forced,-1.0,-1.0,0.20261212005702892
exp3_189,Forced,-1.0,0.0,0.9986328756062172
exp3_189,Forced,-1.0,1.0,3.910362890673591
exp3_189,Forced,0.0,-1.0,0.0697581194602334
exp3_189,Forced,0.0,0.0,0.6673401087788804
exp3_189,Forced,0.0,1.0,5.0718973641835685
exp3_189,Forced,1.0,-1.0,0.32902652390079523
exp3_189,Forced,1.0,0.0,1.1959740669375043
exp3_189,Forced,1.0,1.0,3.453690224649864
exp3_19,Forced,-1.0,-1.0,0.25544003424704875
exp3_19,Forced,-1.0,0.0,0.8222394989586022
exp3_19,Forced,-1.0,1.0,1.491781825574458
exp3_19,Forced,0.0,-1.0,0.22889103839429786
exp3_19,Forced,0.0,0.0,1.0141925497780362
exp3_19,Forced,0.0,1.0,2.5328510251653755
exp3_19,Forced,1.0,-1.0,0.4312228123810156
exp3_19,Forced,1.0,0.0,1.5902585365040771
exp3_19,Forced,1.0,1.0,3.305455749701524
exp3_190,Forced,-1.0,-1.0,1.0667937616822598
exp3_190,Forced,-1.0,0.0,3.058507641411489
exp3_190,Forced,-1.0,1.0,6.226575567351827
exp3_190,Forced,0.0,-1.0,1.9096346500110266
exp3_190,Forced,0.0,0.0,3.557997375944436
exp3_190,Forced,0.0,1.0,4.707296469875653
exp3_190,Forced,1.0,-1.0,0.6245786350867808
exp3_190,Forced,1.0,0.0,2.1765093935730646
exp3_190,Forced,1.0,1.0,5.385729763148929
exp3_191,Forced,-1.0,-1.0,0.9799785767113276
exp3_191,Forced,-1.0,0.0,2.158044088207022
exp3_191,Forced,-1.0,1.0,3.464001398509744
exp3_191,Forced,0.0,-1.0,1.1366663267710029
exp3_191,Forced,0.0,0.0,2.8839942640647642
exp3_191,Forced,0.0,1.0,5.3337149831326265
exp3_191,Forced,1.0,-1.0,0.9760605989551521
exp3_191,Forced,1.0,0.0,2.597030739961055
exp3_191,Forced,1.0,1.0,5.036761806758157
exp3_192,Forced,-1.0,-1.0,0.08707935893418302
exp3_192,Forced,-1.0,0.0,0.6611582828516762
exp3_192,Forced,-1.0,1.0,1.974740035749857
exp3_192,Forced,0.0,-1.0,0.1508658740949528
exp3_192,Forced,0.0,0.0,0.9480364819577253
exp3_192,Forced,0.0,1.0,2.3435453114492617
exp3_192,Forced,1.0,-1.0,0.14023465548006425
exp3_192,Forced,1.0,0.0,1.0323614536993517
exp3_192,Forced,1.0,1.0,2.9896646563483142
exp3_193,Forced,-1.0,-1.0,0.04692473914184963
exp3_193,Forced,-1.0,0.0,0.6666261883452343
exp3_193,Forced,-1.0,1.0,3.9038676377160253
exp3_193,Forced,0.0,-1.0,0.043563519294334205
exp3_193,Forced,0.0,0.0,0.6487356076457188
exp3_193,Forced,0.0,1.0,3.982398580992193
exp3_193,Forced,1.0,-1.0,0.014425826069610627
exp3_193,Forced,1.0,0.0,0.4049955109572628
exp3_193,Forced,1.0,1.0,4.68696744316713
exp3_194,Forced,-1.0,-1.0,0.042896717679228424
exp3_194,Forced,-1.0,0.0,0.25965066500386536
exp3_194,Forced,-1.0,1.0,0.610326452447171
exp3_194,Forced,0.0,-1.0,0.03368519744500354
exp3_194,Forced,0.0,0.0,0.3007936567370469
exp3_194,Forced,0.0,1.0,1.0430511999992733
exp3_194,Forced,1.0,-1.0,0.038527166920969545
exp3_194,Forced,1.0,0.0,0.37633099315485263
exp3_194,Forced,1.0,1.0,1.4275136712495387
exp3_195,Forced,-1.0,-1.0,1.0714523676278944
exp3_195,Forced,-1.0,0.0,2.5422885847187717
exp3_195,Forced,-1.0,1.0,4.613708368498733
exp3_195,Forced,0.0,-1.0,1.0183129551222272
exp3_195,Forced,0.0,0.0,2.702750584663421
exp3_195,Forced,0.0,1.0,5.48660865694917
exp3_195,Forced,1.0,-1.0,0.9469953915701758
exp3_195,Forced,1.0,0.0,2.111538204388979
exp3_195,Forced,1.0,1.0,3.6010017716043787
exp3_196,Forced,-1.0,-1.0,0.17501433208480463
exp3_196,Forced,-1.0,0.0,0.29207747849058807
exp3_196,Forced,-1.0,1.0,0.3889606120994646
exp3_196,Forced,0.0,-1.0,0.1339722204854347
exp3_196,Forced,0.0,0.0,0.6019671156237243
exp3_196,Forced,0.0,1.0,2.158310270312915
exp3_196,Forced,1.0,-1.0,5.210486217525679
exp3_196,Forced,1.0,0.0,6.279108374465921
exp3_196,Forced,1.0,1.0,6.038106998747996
exp3_2,Forced,-1.0,-1.0,0.09940019978648142
exp3_2,Forced,-1.0,0.0,0.384839990112825
exp3_2,Forced,-1.0,1.0,1.130349565336404
exp3_2,Forced,0.0,-1.0,0.05182831652548962
exp3_2,Forced,0.0,0.0,0.3169951478286805
exp3_2,Forced,0.0,1.0,1.470881772505632
exp3_2,Forced,1.0,-1.0,0.08260520505846988
exp3_2,Forced,1.0,0.0,0.330865909898035
exp3_2,Forced,1.0,1.0,1.0053939587420024
exp3_20,Forced,-1.0,-1.0,0.778135545790325
exp3_20,Forced,-1.0,0.0,2.0095793770412147
exp3_20,Forced,-1.0,1.0,3.4572208481846745
exp3_20,Forced,0.0,-1.0,1.1806551782392387
exp3_20,Forced,0.0,0.0,2.668165841613085
exp3_20,Forced,0.0,1.0,4.01674823172799
exp3_20,Forced,1.0,-1.0,2.3392674448574255
exp3_20,Forced,1.0,0.0,3.5183184687054663
exp3_20,Forced,1.0,1.0,3.5250271538034554
exp3_21,Forced,-1.0,-1.0,0.3511637712608592
exp3_21,Forced,-1.0,0.0,1.581519224688293
exp3_21,Forced,-1.0,1.0,3.8131743959226307
exp3_21,Forced,0.0,-1.0,0.28336213947019423
exp3_21,Forced,0.0,0.0,1.2220523783808528
exp3_21,Forced,0.0,1.0,2.8215336879154354
exp3_21,Forced,1.0,-1.0,0.256451924163741
exp3_21,Forced,1.0,0.0,1.1345743772110624
exp3_21,Forced,1.0,1.0,2.6872458602014606
exp3_22,Forced,-1.0,-1.0,2.382544973452794
exp3_22,Forced,-1.0,0.0,4.151279955349205
exp3_22,Forced,-1.0,1.0,6.160405373542803
exp3_22,Forced,0.0,-1.0,0.8217363498568929
exp3_22,Forced,0.0,0.0,1.9678721041162568
exp3_22,Forced,0.0,1.0,4.013724814420604
exp3_22,Forced,1.0,-1.0,1.0249238859223901
exp3_22,Forced,1.0,0.0,2.3590360493957365
exp3_22,Forced,1.0,1.0,4.6244905248039885
exp3_23,Forced,-1.0,-1.0,1.1769045138019263
exp3_23,Forced,-1.0,0.0,3.1456355176198882
exp3_23,Forced,-1.0,1.0,4.108748632437982
exp3_23,Forced,0.0,-1.0,0.8826480506964309
exp3_23,Forced,0.0,0.0,2.6424186001289334
exp3_23,Forced,0.0,1.0,3.8658915839242263
exp3_23,Forced,1.0,-1.0,1.4085078609703174
exp3_23,Forced,1.0,0.0,3.147957387185322
exp3_23,Forced,1.0,1.0,3.438210132728403
exp3_24,Forced,-1.0,-1.0,1.3920407406466369
exp3_24,Forced,-1.0,0.0,4.395003848714044
exp3_24,Forced,-1.0,1.0,5.53117753824349
exp3_24,Forced,0.0,-1.0,1.8579836965855132
exp3_24,Forced,0.0,0.0,6.07506911469372
exp3_24,Forced,0.0,1.0,7.917928441996033
exp3_24,Forced,1.0,-1.0,1.0377595620171216
exp3_24,Forced,1.0,0.0,4.631561721114342
exp3_24,Forced,1.0,1.0,8.239658135726689
exp3_25,Forced,-1.0,-1.0,0.16502337314597465
exp3_25,Forced,-1.0,0.0,0.9462189110302964
exp3_25,Forced,-1.0,1.0,2.9586684885547108
exp3_25,Forced,0.0,-1.0,0.10800373537913703
exp3_25,Forced,0.0,0.0,0.8063049962550881
exp3_25,Forced,0.0,1.0,3.282603625964382
exp3_25,Forced,1.0,-1.0,0.13238202888612585
exp3_25,Forced,1.0,0.0,0.9650056547991047
exp3_25,Forced,1.0,1.0,3.836093666719053
exp3_26,Forced,-1.0,-1.0,0.056270168604282765
exp3_26,Forced,-1.0,0.0,0.37521359322908593
exp3_26,Forced,-1.0,1.0,1.6855719633249788
exp3_26,Forced,0.0,-1.0,0.04232343742760686
exp3_26,Forced,0.0,0.0,0.3548070503373385
exp3_26,Forced,0.0,1.0,2.00388104511768
exp3_26,Forced,1.0,-1.0,0.028373908619092687
exp3_26,Forced,1.0,0.0,0.34666220050007235
exp3_26,Forced,1.0,1.0,2.85339700677837
exp3_27,Forced,-1.0,-1.0,2.785335899490966
exp3_27,Forced,-1.0,0.0,4.899828160401711
exp3_27,Forced,-1.0,1.0,6.614257859804447
exp3_27,Forced,0.0,-1.0,2.6997517061001726
exp3_27,Forced,0.0,0.0,5.748879664459855
exp3_27,Forced,0.0,1.0,9.393763281255834
exp3_27,Forced,1.0,-1.0,2.0000399226035603
exp3_27,Forced,1.0,0.0,4.63899066516922
exp3_27,Forced,1.0,1.0,8.256677707904654
exp3_28,Forced,-1.0,-1.0,1.0880158236422959
exp3_28,Forced,-1.0,0.0,2.7405564372153113
exp3_28,Forced,-1.0,1.0,5.369735011857991
exp3_28,Forced,0.0,-1.0,0.8249351834805971
exp3_28,Forced,0.0,0.0,2.51597437412669
exp3_28,Forced,0.0,1.0,5.969021814056178
exp3_28,Forced,1.0,-1.0,1.5848421638862364
exp3_28,Forced,1.0,0.0,4.087972423447654
exp3_28,Forced,1.0,1.0,8.202390927944762
exp3_29,Forced,-1.0,-1.0,0.07195854535288615
exp3_29,Forced,-1.0,0.0,0.6292334822491678
exp3_29,Forced,-1.0,1.0,2.99128416728083
exp3_29,Forced,0.0,-1.0,0.06282877292868318
exp3_29,Forced,0.0,0.0,0.4329951891506828
exp3_29,Forced,0.0,1.0,1.6222730903132019
exp3_29,Forced,1.0,-1.0,0.07947862831538333
exp3_29,Forced,1.0,0.0,0.435890224526586
exp3_29,Forced,1.0,1.0,1.2996316992266432
exp3_3,Forced,-1.0,-1.0,0.6772151099326827
exp3_3,Forced,-1.0,0.0,2.234890806963333
exp3_3,Forced,-1.0,1.0,4.251674232641672
exp3_3,Forced,0.0,-1.0,0.18568157628315604
exp3_3,Forced,0.0,0.0,1.1003161586569727
exp3_3,Forced,0.0,1.0,3.7587216870070446
exp3_3,Forced,1.0,-1.0,0.4398078746414108
exp3_3,Forced,1.0,0.0,1.6062936040469675
exp3_3,Forced,1.0,1.0,3.381900777126166
exp3_30,Forced,-1.0,-1.0,0.07323898887662918
exp3_30,Forced,-1.0,0.0,0.269383420259049
exp3_30,Forced,-1.0,1.0,0.8341059266448424
exp3_30,Forced,0.0,-1.0,0.07135158672050035
exp3_30,Forced,0.0,0.0,0.32549125882480984
exp3_30,Forced,0.0,1.0,1.249962102883088
exp3_30,Forced,1.0,-1.0,0.055882527807660114
exp3_30,Forced,1.0,0.0,0.17144529630083102
exp3_30,Forced,1.0,1.0,0.44278910631784235
exp3_31,Forced,-1.0,-1.0,1.6065580885758077
exp3_31,Forced,-1.0,0.0,3.638265063157669
exp3_31,Forced,-1.0,1.0,5.8356708665493
exp3_31,Forced,0.0,-1.0,1.026659020714813
exp3_31,Forced,0.0,0.0,3.9081905341513914
exp3_31,Forced,0.0,1.0,10.537164984873021
exp3_31,Forced,1.0,-1.0,2.707450252825616
exp3_31,Forced,1.0,0.0,5.924906665314757
exp3_31,Forced,1.0,1.0,9.183349045250525
exp3_32,Forced,-1.0,-1.0,1.5423227333023946
exp3_32,Forced,-1.0,0.0,3.2643465135882272
exp3_32,Forced,-1.0,1.0,5.505043991784102
exp3_32,Forced,0.0,-1.0,1.1404148636267006
exp3_32,Forced,0.0,0.0,2.9337275372872402
exp3_32,Forced,0.0,1.0,6.01340193274892
exp3_32,Forced,1.0,-1.0,1.050381969972566
exp3_32,Forced,1.0,0.0,2.5933564064624797
exp3_32,Forced,1.0,1.0,5.101767950735699
exp3_33,Forced,-1.0,-1.0,0.21077032784906308
exp3_33,Forced,-1.0,0.0,1.4733034351749823
exp3_33,Forced,-1.0,1.0,3.285494228657126
exp3_33,Forced,0.0,-1.0,0.25910171575770746
exp3_33,Forced,0.0,0.0,1.7596893077235853
exp3_33,Forced,0.0,1.0,3.812654733975234
exp3_33,Forced,1.0,-1.0,0.37644290856508883
exp3_33,Forced,1.0,0.0,1.8583896918874807
exp3_33,Forced,1.0,1.0,2.92684842714207
exp3_34,Forced,-1.0,-1.0,-0.13391096902729308
exp3_34,Forced,-1.0,0.0,3.027377525133265
exp3_34,Forced,-1.0,1.0,11.171701578047502
exp3_34,Forced,0.0,-1.0,-0.08883057995736897
exp3_34,Forced,0.0,0.0,2.5192263191529336
exp3_34,Forced,0.0,1.0,11.662030857239689
exp3_34,Forced,1.0,-1.0,-0.07193416386017917
exp3_34,Forced,1.0,0.0,1.4622813352913704
exp3_34,Forced,1.0,1.0,4.852091559510813
exp3_35,Forced,-1.0,-1.0,1.4075291521365054
exp3_35,Forced,-1.0,0.0,3.939996410414815
exp3_35,Forced,-1.0,1.0,6.878435752998677
exp3_35,Forced,0.0,-1.0,1.2706582142521397
exp3_35,Forced,0.0,0.0,3.8214486026351033
exp3_35,Forced,0.0,1.0,7.1677480082189335
exp3_35,Forced,1.0,-1.0,1.168103335863236
exp3_35,Forced,1.0,0.0,3.9621772598206406
exp3_35,Forced,1.0,1.0,8.381890238196872
exp3_36,Forced,-1.0,-1.0,0.6916344488419712
exp3_36,Forced,-1.0,0.0,2.397214977719417
exp3_36,Forced,-1.0,1.0,5.942448104896637
exp3_36,Forced,0.0,-1.0,0.8496379163764595
exp3_36,Forced,0.0,0.0,2.922383511558938
exp3_36,Forced,0.0,1.0,7.189001623845279
exp3_36,Forced,1.0,-1.0,2.1374277335292358
exp3_36,Forced,1.0,0.0,5.0403116044192675
exp3_36,Forced,1.0,1.0,8.500635255250842
exp3_37,Forced,-1.0,-1.0,0.5586046919655014
exp3_37,Forced,-1.0,0.0,2.848180954524821
exp3_37,Forced,-1.0,1.0,4.854310317792179
exp3_37,Forced,0.0,-1.0,0.8857581388717259
exp3_37,Forced,0.0,0.0,3.4580667544331014
exp3_37,Forced,0.0,1.0,4.512825622482485
exp3_37,Forced,1.0,-1.0,1.0270078395519895
exp3_37,Forced,1.0,0.0,4.144470472237669
exp3_37,Forced,1.0,1.0,5.590637067675901
exp3_38,Forced,-1.0,-1.0,0.754943918222361
exp3_38,Forced,-1.0,0.0,2.1726908614261387
exp3_38,Forced,-1.0,1.0,4.546865827237496
exp3_38,Forced,0.0,-1.0,1.2782492804364907
exp3_38,Forced,0.0,0.0,3.1413548272874063
exp3_38,Forced,0.0,1.0,5.613702405110986
exp3_38,Forced,1.0,-1.0,0.3869338042545235
exp3_38,Forced,1.0,0.0,1.7460325904082394
exp3_38,Forced,1.0,1.0,5.729265818661419
exp3_39,Forced,-1.0,-1.0,0.18524730112446927
exp3_39,Forced,-1.0,0.0,0.6861213907612126
exp3_39,Forced,-1.0,1.0,2.162998594679766
exp3_39,Forced,0.0,-1.0,0.09157160271866487
exp3_39,Forced,0.0,0.0,0.46439883043707886
exp3_39,Forced,0.0,1.0,2.004599544882621
exp3_39,Forced,1.0,-1.0,0.09764075977405698
exp3_39,Forced,1.0,0.0,0.5013671199492271
exp3_39,Forced,1.0,1.0,2.1912239012283905
exp3_4,Forced,-1.0,-1.0,-0.014008583486141469
exp3_4,Forced,-1.0,0.0,0.3690905423097145
exp3_4,Forced,-1.0,1.0,2.1688970279189452
exp3_4,Forced,0.0,-1.0,-0.01211654477705274
exp3_4,Forced,0.0,0.0,0.352220514952175
exp3_4,Forced,0.0,1.0,2.283588390480553
exp3_4,Forced,1.0,-1.0,-0.007834982546828918
exp3_4,Forced,1.0,0.0,0.3116700553602669
exp3_4,Forced,1.0,1.0,2.7651547769076097
exp3_40,Forced,-1.0,-1.0,0.012583456196742863
exp3_40,Forced,-1.0,0.0,1.2643328655467028
exp3_40,Forced,-1.0,1.0,4.620104196987258
exp3_40,Forced,0.0,-1.0,0.006765466358311299
exp3_40,Forced,0.0,0.0,0.7449921090998304
exp3_40,Forced,0.0,1.0,2.983557856769931
exp3_40,Forced,1.0,-1.0,0.020712435406310827
exp3_40,Forced,1.0,0.0,1.5723130280668032
exp3_40,Forced,1.0,1.0,4.34085936941936
exp3_41,Forced,-1.0,-1.0,0.3299335483393746
exp3_41,Forced,-1.0,0.0,1.1003342742364786
exp3_41,Forced,-1.0,1.0,2.661940315451648
exp3_41,Forced,0.0,-1.0,0.2455980253184621
exp3_41,Forced,0.0,0.0,0.9189760790569845
exp3_41,Forced,0.0,1.0,2.494359535623249
exp3_41,Forced,1.0,-1.0,0.1567674372340921
exp3_41,Forced,1.0,0.0,0.7708714790440924
exp3_41,Forced,1.0,1.0,2.7496891906353857
exp3_42,Forced,-1.0,-1.0,3.913086694785755
exp3_42,Forced,-1.0,0.0,7.853060890986862
exp3_42,Forced,-1.0,1.0,9.941876674455706
exp3_42,Forced,0.0,-1.0,4.018483986476014
exp3_42,Forced,0.0,0.0,7.580873825759151
exp3_42,Forced,0.0,1.0,9.021654819832177
exp3_42,Forced,1.0,-1.0,3.252560542091106
exp3_42,Forced,1.0,0.0,5.828886572635045
exp3_42,Forced,1.0,1.0,6.589549594983736
exp3_43,Forced,-1.0,-1.0,0.5377323918928889
exp3_43,Forced,-1.0,0.0,1.339132232533635
exp3_43,Forced,-1.0,1.0,2.549075494770098
exp3_43,Forced,0.0,-1.0,1.0507590539191172
exp3_43,Forced,0.0,0.0,2.8180968531784845
exp3_43,Forced,0.0,1.0,5.77711028589268
exp3_43,Forced,1.0,-1.0,0.6229794295919834
exp3_43,Forced,1.0,0.0,2.00589012882491
exp3_43,Forced,1.0,1.0,4.9367660273270415
exp3_44,Forced,-1.0,-1.0,0.2980783344178334
exp3_44,Forced,-1.0,0.0,1.4519546119263154
exp3_44,Forced,-1.0,1.0,4.351651142401365
exp3_44,Forced,0.0,-1.0,0.17338179267794998
exp3_44,Forced,0.0,0.0,1.0272719731371864
exp3_44,Forced,0.0,1.0,3.744948001140722
exp3_44,Forced,1.0,-1.0,0.34325809491351594
exp3_44,Forced,1.0,0.0,1.4202996026184662
exp3_44,Forced,1.0,1.0,3.615909440425026
exp3_45,Forced,-1.0,-1.0,0.9341870033982449
exp3_45,Forced,-1.0,0.0,2.9717230519664106
exp3_45,Forced,-1.0,1.0,4.750289149114182
exp3_45,Forced,0.0,-1.0,0.3852707390543022
exp3_45,Forced,0.0,0.0,1.8934450208792137
exp3_45,Forced,0.0,1.0,4.676022292823554
exp3_45,Forced,1.0,-1.0,0.5822200924092057
exp3_45,Forced,1.0,0.0,2.5898377787128677
exp3_45,Forced,1.0,1.0,5.788887840465819
exp3_46,Forced,-1.0,-1.0,0.8163303388066814
exp3_46,Forced,-1.0,0.0,2.065018374882013
exp3_46,Forced,-1.0,1.0,3.521233293388687
exp3_46,Forced,0.0,-1.0,0.30338377156185165
exp3_46,Forced,0.0,0.0,1.2368032546506862
exp3_46,Forced,0.0,1.0,3.398770097924388
exp3_46,Forced,1.0,-1.0,0.35503440175638884
exp3_46,Forced,1.0,0.0,1.234968129299679
exp3_46,Forced,1.0,1.0,2.8957026187152883
exp3_47,Forced,-1.0,-1.0,0.4380121707224436
exp3_47,Forced,-1.0,0.0,2.115793721485385
exp3_47,Forced,-1.0,1.0,4.081415144911861
exp3_47,Forced,0.0,-1.0,0.33242023779214636
exp3_47,Forced,0.0,0.0,1.658595937063461
exp3_47,Forced,0.0,1.0,3.304791311855905
exp3_47,Forced,1.0,-1.0,0.46695221126860964
exp3_47,Forced,1.0,0.0,2.485991393201173
exp3_47,Forced,1.0,1.0,5.285390828718269
exp3_48,Forced,-1.0,-1.0,0.019526075750229476
exp3_48,Forced,-1.0,0.0,0.11668798792630869
exp3_48,Forced,-1.0,1.0,0.2781083563765044
exp3_48,Forced,0.0,-1.0,0.01829392111466894
exp3_48,Forced,0.0,0.0,0.08519422063126433
exp3_48,Forced,0.0,1.0,0.15823048970088366
exp3_48,Forced,1.0,-1.0,0.022283876934954143
exp3_48,Forced,1.0,0.0,0.1143473193891242
exp3_48,Forced,1.0,1.0,0.23401189329092892
exp3_49,Forced,-1.0,-1.0,1.4116789458997188
exp3_49,Forced,-1.0,0.0,3.904040739268206
exp3_49,Forced,-1.0,1.0,5.6413203912013765
exp3_49,Forced,0.0,-1.0,0.8372926214445976
exp3_49,Forced,0.0,0.0,3.163475679969269
exp3_49,Forced,0.0,1.0,6.245105182962951
exp3_49,Forced,1.0,-1.0,1.0722964472084575
exp3_49,Forced,1.0,0.0,4.848869790497613
exp3_49,Forced,1.0,1.0,11.45655905380374
exp3_5,Forced,-1.0,-1.0,1.4772661591005263
exp3_5,Forced,-1.0,0.0,4.364117111262392
exp3_5,Forced,-1.0,1.0,9.527183330255072
exp3_5,Forced,0.0,-1.0,2.3182207611775785
exp3_5,Forced,0.0,0.0,4.558230162802413
exp3_5,Forced,0.0,1.0,6.623204873544109
exp3_5,Forced,1.0,-1.0,2.1612577224658023
exp3_5,Forced,1.0,0.0,4.625770927602716
exp3_5,Forced,1.0,1.0,7.316311122486431
exp3_50,Replayed,-1.0,-1.0,1.3405625544244886
exp3_50,Replayed,-1.0,0.0,3.2290183234547705
exp3_50,Replayed,-1.0,1.0,4.528713278142935
exp3_50,Replayed,0.0,-1.0,0.6460317363036799
exp3_50,Replayed,0.0,0.0,2.449810841063262
exp3_50,Replayed,0.0,1.0,5.40918882155877
exp3_50,Replayed,1.0,-1.0,1.6241240782167985
exp3_50,Replayed,1.0,0.0,3.8901285146820603
exp3_50,Replayed,1.0,1.0,5.425372774458113
exp3_51,Replayed,-1.0,-1.0,0.0028877117154847217
exp3_51,Replayed,-1.0,0.0,0.04033148764093013
exp3_51,Replayed,-1.0,1.0,0.08516450351538654
exp3_51,Replayed,0.0,-1.0,0.0033593312500706947
exp3_51,Replayed,0.0,0.0,0.045434603528166105
exp3_51,Replayed,0.0,1.0,0.09290618483904348
exp3_51,Replayed,1.0,-1.0,0.0020393143595757715
exp3_51,Replayed,1.0,0.0,0.05478937037644451
exp3_51,Replayed,1.0,1.0,0.22255246710646148
exp3_52,Replayed,-1.0,-1.0,0.010442130301983982
exp3_52,Replayed,-1.0,0.0,0.1695326237991379
exp3_52,Replayed,-1.0,1.0,0.5924896763621372
exp3_52,Replayed,0.0,-1.0,0.007182016011355054
exp3_52,Replayed,0.0,0.0,0.2037601773910233
exp3_52,Replayed,0.0,1.0,1.2443873279481485
exp3_52,Replayed,1.0,-1.0,0.010563950461394045
exp3_52,Replayed,1.0,0.0,0.1823778592559524
exp3_52,Replayed,1.0,1.0,0.6777682182806951
exp3_53,Replayed,-1.0,-1.0,0.07310843833090797
exp3_53,Replayed,-1.0,0.0,0.7415713695530473
exp3_53,Replayed,-1.0,1.0,2.5134946043299293
exp3_53,Replayed,0.0,-1.0,0.07116122337973636
exp3_53,Replayed,0.0,0.0,0.5922187229150144
exp3_53,Replayed,0.0,1.0,1.6468741656036585
exp3_53,Replayed,1.0,-1.0,0.07864865406540418
exp3_53,Replayed,1.0,0.0,0.5536115480529186
exp3_53,Replayed,1.0,1.0,1.3021425852334712
exp3_54,Replayed,-1.0,-1.0,0.2074365337549433
exp3_54,Replayed,-1.0,0.0,1.411513113731545
exp3_54,Replayed,-1.0,1.0,5.7737941365945735
exp3_54,Replayed,0.0,-1.0,0.12885201240787833
exp3_54,Replayed,0.0,0.0,0.7031894149150946
exp3_54,Replayed,0.0,1.0,2.306907340356417
exp3_54,Replayed,1.0,-1.0,1.26180413776874
exp3_54,Replayed,1.0,0.0,3.5861352184922928
exp3_54,Replayed,1.0,1.0,6.126861767981273
exp3_55,Replayed,-1.0,-1.0,0.2002652954665764
exp3_55,Replayed,-1.0,0.0,1.4384412697731264
exp3_55,Replayed,-1.0,1.0,3.6409135526597596
exp3_55,Replayed,0.0,-1.0,0.10689412268852339
exp3_55,Replayed,0.0,0.0,0.6506264785710283
exp3_55,Replayed,0.0,1.0,1.3955372525020449
exp3_55,Replayed,1.0,-1.0,0.4349245068089426
exp3_55,Replayed,1.0,0.0,2.130263164470766
exp3_55,Replayed,1.0,1.0,3.6769221061685773
exp3_56,Replayed,-1.0,-1.0,1.0942786807783786
exp3_56,Replayed,-1.0,0.0,4.159751267619961
exp3_56,Replayed,-1.0,1.0,11.192470375906677
exp3_56,Replayed,0.0,-1.0,2.645568303329953
exp3_56,Replayed,0.0,0.0,5.573220534945761
exp3_56,Replayed,0.0,1.0,8.310222366428665
exp3_56,Replayed,1.0,-1.0,2.461360082364639
exp3_56,Replayed,1.0,0.0,5.1901263653372025
exp3_56,Replayed,1.0,1.0,7.746399251813537
exp3_57,Replayed,-1.0,-1.0,0.4839850142281487
exp3_57,Replayed,-1.0,0.0,2.2586855565688415
exp3_57,Replayed,-1.0,1.0,4.810717907995646
exp3_57,Replayed,0.0,-1.0,0.3697689627485516
exp3_57,Replayed,0.0,0.0,1.9356096897157424
exp3_57,Replayed,0.0,1.0,4.624186874395648
exp3_57,Replayed,1.0,-1.0,0.46677126646991496
exp3_57,Replayed,1.0,0.0,2.1735125622331517
exp3_57,Replayed,1.0,1.0,4.619026479968799
exp3_58,Replayed,-1.0,-1.0,-0.026535250110777727
exp3_58,Replayed,-1.0,0.0,0.11198091100506213
exp3_58,Replayed,-1.0,1.0,0.31419691310471787
exp3_58,Replayed,0.0,-1.0,-0.024166963905986553
exp3_58,Replayed,0.0,0.0,0.12148925420797649
exp3_58,Replayed,0.0,1.0,0.4060605003145776
exp3_58,Replayed,1.0,-1.0,-0.02476894229932579
exp3_58,Replayed,1.0,0.0,0.10368960618197366
exp3_58,Replayed,1.0,1.0,0.2886025043260592
exp3_59,Replayed,-1.0,-1.0,0.15413998121891265
exp3_59,Replayed,-1.0,0.0,1.042571757157937
exp3_59,Replayed,-1.0,1.0,3.5980375257789503
exp3_59,Replayed,0.0,-1.0,0.14411165257684463
exp3_59,Replayed,0.0,0.0,0.7955903719100653
exp3_59,Replayed,0.0,1.0,2.241036951658245
exp3_59,Replayed,1.0,-1.0,0.12754171885698684
exp3_59,Replayed,1.0,0.0,0.7469346149588104
exp3_59,Replayed,1.0,1.0,2.2319372756869993
exp3_6,Forced,-1.0,-1.0,0.3639375104280977
exp3_6,Forced,-1.0,0.0,1.7638757834160044
exp3_6,Forced,-1.0,1.0,4.500413398741599
exp3_6,Forced,0.0,-1.0,0.7276555500288668
exp3_6,Forced,0.0,0.0,2.5772449381631364
exp3_6,Forced,0.0,1.0,4.805391522168022
exp3_6,Forced,1.0,-1.0,0.46717273796544373
exp3_6,Forced,1.0,0.0,2.144950230316673
exp3_6,Forced,1.0,1.0,5.184420046117808
exp3_60,Replayed,-1.0,-1.0,-0.03524524645615574
exp3_60,Replayed,-1.0,0.0,0.4419698750233962
exp3_60,Replayed,-1.0,1.0,3.5966993614328073
exp3_60,Replayed,0.0,-1.0,-0.017364522590563626
exp3_60,Replayed,0.0,0.0,0.308915235271923
exp3_60,Replayed,0.0,1.0,3.566441955330547
exp3_60,Replayed,1.0,-1.0,-0.022986089186932793
exp3_60,Replayed,1.0,0.0,0.33125460950852986
exp3_60,Replayed,1.0,1.0,3.097976547391028
exp3_61,Replayed,-1.0,-1.0,0.014934137511479538
exp3_61,Replayed,-1.0,0.0,0.42296814236977465
exp3_61,Replayed,-1.0,1.0,1.7433987951223033
exp3_61,Replayed,0.0,-1.0,0.00732514549757746
exp3_61,Replayed,0.0,0.0,0.3604811500902677
exp3_61,Replayed,0.0,1.0,2.5817277105388734
exp3_61,Replayed,1.0,-1.0,0.011460986697931084
exp3_61,Replayed,1.0,0.0,0.303063080558503
exp3_61,Replayed,1.0,1.0,1.1662875242649713
exp3_62,Replayed,-1.0,-1.0,0.08865387683696677
exp3_62,Replayed,-1.0,0.0,0.4501631721647244
exp3_62,Replayed,-1.0,1.0,1.8552491615526128
exp3_62,Replayed,0.0,-1.0,0.06176093024535515
exp3_62,Replayed,0.0,0.0,0.24929174951803326
exp3_62,Replayed,0.0,1.0,0.8166990177360465
exp3_62,Replayed,1.0,-1.0,0.07748606899160894
exp3_62,Replayed,1.0,0.0,0.2585582320005519
exp3_62,Replayed,1.0,1.0,0.7002500701747125
exp3_63,Replayed,-1.0,-1.0,0.6028015099949072
exp3_63,Replayed,-1.0,0.0,2.208409706941003
exp3_63,Replayed,-1.0,1.0,5.659998701955121
exp3_63,Replayed,0.0,-1.0,0.7062603353555186
exp3_63,Replayed,0.0,0.0,2.296521836052631
exp3_63,Replayed,0.0,1.0,5.224054636333248
exp3_63,Replayed,1.0,-1.0,1.3909648853125403
exp3_63,Replayed,1.0,0.0,3.6646347843871006
exp3_63,Replayed,1.0,1.0,6.754241750984008
exp3_64,Replayed,-1.0,-1.0,2.042043109785838
exp3_64,Replayed,-1.0,0.0,4.1886309399240025
exp3_64,Replayed,-1.0,1.0,6.729364775312447
exp3_64,Replayed,0.0,-1.0,1.1157807235627653
exp3_64,Replayed,0.0,0.0,3.06910815424367
exp3_64,Replayed,0.0,1.0,6.612113746498815
exp3_64,Replayed,1.0,-1.0,2.0297629197769655
exp3_64,Replayed,1.0,0.0,3.913231276287614
exp3_64,Replayed,1.0,1.0,5.909088596112435
exp3_65,Replayed,-1.0,-1.0,0.12764014376052443
exp3_65,Replayed,-1.0,0.0,2.538537599449665
exp3_65,Replayed,-1.0,1.0,7.7932811894632605
exp3_65,Replayed,0.0,-1.0,0.10609814437162136
exp3_65,Replayed,0.0,0.0,1.7972327396639152
exp3_65,Replayed,0.0,1.0,4.699387797661654
exp3_65,Replayed,1.0,-1.0,0.08550882710215851
exp3_65,Replayed,1.0,0.0,2.302083523399071
exp3_65,Replayed,1.0,1.0,9.566908800446479
exp3_66,Replayed,-1.0,-1.0,0.1574612547676317
exp3_66,Replayed,-1.0,0.0,1.4713136233640818
exp3_66,Replayed,-1.0,1.0,5.250086426588314
exp3_66,Replayed,0.0,-1.0,0.08177844782741259
exp3_66,Replayed,0.0,0.0,1.0290828266581333
exp3_66,Replayed,0.0,1.0,4.9452863783870775
exp3_66,Replayed,1.0,-1.0,0.061924573522616426
exp3_66,Replayed,1.0,0.0,0.8714304110343575
exp3_66,Replayed,1.0,1.0,4.68308507574462
exp3_67,Replayed,-1.0,-1.0,0.12886660361761776
exp3_67,Replayed,-1.0,0.0,1.3978079702830646
exp3_67,Replayed,-1.0,1.0,5.003132788338906
exp3_67,Replayed,0.0,-1.0,0.242100169491798
exp3_67,Replayed,0.0,0.0,1.6834485961935675
exp3_67,Replayed,0.0,1.0,3.8627091943421745
exp3_67,Replayed,1.0,-1.0,0.19618641811272156
exp3_67,Replayed,1.0,0.0,1.8066938457100883
exp3_67,Replayed,1.0,1.0,5.490192592071658
exp3_68,Replayed,-1.0,-1.0,-0.04031041471779852
exp3_68,Replayed,-1.0,0.0,0.6701490012957939
exp3_68,Replayed,-1.0,1.0,3.664785868001133
exp3_68,Replayed,0.0,-1.0,-0.023498060694107262
exp3_68,Replayed,0.0,0.0,0.43447284558166827
exp3_68,Replayed,0.0,1.0,2.642508399205878
exp3_68,Replayed,1.0,-1.0,-0.020842478102705092
exp3_68,Replayed,1.0,0.0,0.47497080270209735
exp3_68,Replayed,1.0,1.0,3.5604721590771833
exp3_69,Replayed,-1.0,-1.0,-0.008152321196828655
exp3_69,Replayed,-1.0,0.0,0.5659446466147926
exp3_69,Replayed,-1.0,1.0,1.7741522386080568
exp3_69,Replayed,0.0,-1.0,-0.008599768540576484
exp3_69,Replayed,0.0,0.0,0.7034698903067005
exp3_69,Replayed,0.0,1.0,2.5985346854622042
exp3_69,Replayed,1.0,-1.0,-0.005640984211595814
exp3_69,Replayed,1.0,0.0,0.38764869482990727
exp3_69,Replayed,1.0,1.0,1.2029456926981723
exp3_7,Forced,-1.0,-1.0,1.261469093424309
exp3_7,Forced,-1.0,0.0,3.433823974884742
exp3_7,Forced,-1.0,1.0,6.777129513953215
exp3_7,Forced,0.0,-1.0,1.3483555770373432
exp3_7,Forced,0.0,0.0,3.757586456705149
exp3_7,Forced,0.0,1.0,7.592413814439721
exp3_7,Forced,1.0,-1.0,1.284002140931696
exp3_7,Forced,1.0,0.0,3.650471076307272
exp3_7,Forced,1.0,1.0,7.5248598980974135
exp3_70,Replayed,-1.0,-1.0,0.10886331516617957
exp3_70,Replayed,-1.0,0.0,0.7740648642694937
exp3_70,Replayed,-1.0,1.0,2.4836965522858843
exp3_70,Replayed,0.0,-1.0,0.060716802138797446
exp3_70,Replayed,0.0,0.0,0.5841967133242297
exp3_70,Replayed,0.0,1.0,2.53649908075754
exp3_70,Replayed,1.0,-1.0,0.07245947971087806
exp3_70,Replayed,1.0,0.0,0.6395302880929891
exp3_70,Replayed,1.0,1.0,2.547137584108643
exp3_71,Replayed,-1.0,-1.0,0.13061283457840533
exp3_71,Replayed,-1.0,0.0,1.3729002279238902
exp3_71,Replayed,-1.0,1.0,5.240338593925357
exp3_71,Replayed,0.0,-1.0,0.13124133314965616
exp3_71,Replayed,0.0,0.0,0.8938819344461569
exp3_71,Replayed,0.0,1.0,2.2108380803861696
exp3_71,Replayed,1.0,-1.0,0.11144999366897215
exp3_71,Replayed,1.0,0.0,1.0696269762039954
exp3_71,Replayed,1.0,1.0,3.727793922947365
exp3_72,Replayed,-1.0,-1.0,0.9268612289356517
exp3_72,Replayed,-1.0,0.0,2.458887727917499
exp3_72,Replayed,-1.0,1.0,4.219594623483887
exp3_72,Replayed,0.0,-1.0,0.18461098776575935
exp3_72,Replayed,0.0,0.0,0.9081596702359709
exp3_72,Replayed,0.0,1.0,2.889847496381849
exp3_72,Replayed,1.0,-1.0,1.079543233233509
exp3_72,Replayed,1.0,0.0,2.5751647415719305
exp3_72,Replayed,1.0,1.0,3.9735441484330316
exp3_73,Replayed,-1.0,-1.0,0.0009394410117329087
exp3_73,Replayed,-1.0,0.0,0.3145479782501757
exp3_73,Replayed,-1.0,1.0,1.2432351822056715
exp3_73,Replayed,0.0,-1.0,0.0006105463792314158
exp3_73,Replayed,0.0,0.0,0.3529883531822565
exp3_73,Replayed,0.0,1.0,2.409079340330148
exp3_73,Replayed,1.0,-1.0,0.000647537676194384
exp3_73,Replayed,1.0,0.0,0.3689814267671817
exp3_73,Replayed,1.0,1.0,2.4819497266515587
exp3_74,Replayed,-1.0,-1.0,0.3873392322375429
exp3_74,Replayed,-1.0,0.0,2.097673621569017
exp3_74,Replayed,-1.0,1.0,5.892549784755013
exp3_74,Replayed,0.0,-1.0,0.542352370197571
exp3_74,Replayed,0.0,0.0,2.7108310430771367
exp3_74,Replayed,0.0,1.0,7.028170231510466
exp3_74,Replayed,1.0,-1.0,1.2464973173828293
exp3_74,Replayed,1.0,0.0,3.8022428148705045
exp3_74,Replayed,1.0,1.0,6.015992158721631
exp3_75,Replayed,-1.0,-1.0,0.7991877100467041
exp3_75,Replayed,-1.0,0.0,3.051937405235339
exp3_75,Replayed,-1.0,1.0,3.5958675451494164
exp3_75,Replayed,0.0,-1.0,0.7026435213800376
exp3_75,Replayed,0.0,0.0,2.5366654203160617
exp3_75,Replayed,0.0,1.0,2.82548216049838
exp3_75,Replayed,1.0,-1.0,1.1325292675756742
exp3_75,Replayed,1.0,0.0,3.5804697091641753
exp3_75,Replayed,1.0,1.0,3.4924629876358892
exp3_76,Replayed,-1.0,-1.0,0.4271701397429974
exp3_76,Replayed,-1.0,0.0,2.9661784586104205
exp3_76,Replayed,-1.0,1.0,5.024726945840489
exp3_76,Replayed,0.0,-1.0,0.11561731629956025
exp3_76,Replayed,0.0,0.0,1.3425241884308599
exp3_76,Replayed,0.0,1.0,3.80312109454259
exp3_76,Replayed,1.0,-1.0,0.07011687610221683
exp3_76,Replayed,1.0,0.0,1.0932432224890565
exp3_76,Replayed,1.0,1.0,4.158434146536491
exp3_77,Replayed,-1.0,-1.0,0.4391144171479341
exp3_77,Replayed,-1.0,0.0,3.368393333188922
exp3_77,Replayed,-1.0,1.0,8.229873970347917
exp3_77,Replayed,0.0,-1.0,0.27172663904808747
exp3_77,Replayed,0.0,0.0,2.708076469674013
exp3_77,Replayed,0.0,1.0,8.596366297161921
exp3_77,Replayed,1.0,-1.0,0.7334806139460799
exp3_77,Replayed,1.0,0.0,3.2200868368669497
exp3_77,Replayed,1.0,1.0,4.502687533964663
exp3_78,Replayed,-1.0,-1.0,0.15271439479154844
exp3_78,Replayed,-1.0,0.0,1.0496935969534307
exp3_78,Replayed,-1.0,1.0,2.6562215328916348
exp3_78,Replayed,0.0,-1.0,0.15417550801325675
exp3_78,Replayed,0.0,0.0,1.0853365813592875
exp3_78,Replayed,0.0,1.0,2.8127599300672936
exp3_78,Replayed,1.0,-1.0,0.11432263643632151
exp3_78,Replayed,1.0,0.0,0.9423137914778569
exp3_78,Replayed,1.0,1.0,2.8594205615608166
exp3_79,Replayed,-1.0,-1.0,-0.0022947380076873795
exp3_79,Replayed,-1.0,0.0,0.005707028308549273
exp3_79,Replayed,-1.0,1.0,0.01296495060828664
exp3_79,Replayed,0.0,-1.0,-0.0022314266037870593
exp3_79,Replayed,0.0,0.0,0.0055352145312456465
exp3_79,Replayed,0.0,1.0,0.012542099181992249
exp3_79,Replayed,1.0,-1.0,-0.002255288412031767
exp3_79,Replayed,1.0,0.0,0.005761508436979496
exp3_79,Replayed,1.0,1.0,0.013444796646549769
exp3_8,Forced,-1.0,-1.0,2.34924904549699
exp3_8,Forced,-1.0,0.0,5.2508650608056975
exp3_8,Forced,-1.0,1.0,9.823607026878916
exp3_8,Forced,0.0,-1.0,1.752189701691606
exp3_8,Forced,0.0,0.0,4.177411075018273
exp3_8,Forced,0.0,1.0,8.336267244370678
exp3_8,Forced,1.0,-1.0,2.7796659910752535
exp3_8,Forced,1.0,0.0,4.988041986091131
exp3_8,Forced,1.0,1.0,7.492140481182543
exp3_80,Replayed,-1.0,-1.0,1.0006784477495558
exp3_80,Replayed,-1.0,0.0,3.2711701767006143
exp3_80,Replayed,-1.0,1.0,5.644681409999582
exp3_80,Replayed,0.0,-1.0,0.38489379483740443
exp3_80,Replayed,0.0,0.0,2.107562837840598
exp3_80,Replayed,0.0,1.0,6.0918311853233655
exp3_80,Replayed,1.0,-1.0,0.4136155402874829
exp3_80,Replayed,1.0,0.0,2.2511851897629547
exp3_80,Replayed,1.0,1.0,6.46775117171742
exp3_81,Replayed,-1.0,-1.0,0.1276338979394544
exp3_81,Replayed,-1.0,0.0,0.8397708306321539
exp3_81,Replayed,-1.0,1.0,2.214212715620242
exp3_81,Replayed,0.0,-1.0,0.06690621760661503
exp3_81,Replayed,0.0,0.0,0.6851182815186623
exp3_81,Replayed,0.0,1.0,2.8114375196165455
exp3_81,Replayed,1.0,-1.0,0.13393019078406262
exp3_81,Replayed,1.0,0.0,0.9943470135127014
exp3_81,Replayed,1.0,1.0,2.958429758711769
exp3_82,Replayed,-1.0,-1.0,0.7490867425340134
exp3_82,Replayed,-1.0,0.0,2.1755446892067924
exp3_82,Replayed,-1.0,1.0,3.7632679803228855
exp3_82,Replayed,0.0,-1.0,1.1646041949392685
exp3_82,Replayed,0.0,0.0,2.671820221804206
exp3_82,Replayed,0.0,1.0,3.6508782767153054
exp3_82,Replayed,1.0,-1.0,1.6571604946527316
exp3_82,Replayed,1.0,0.0,3.1963719635470955
exp3_82,Replayed,1.0,1.0,3.672072882277227
exp3_83,Replayed,-1.0,-1.0,1.1063332755256146
exp3_83,Replayed,-1.0,0.0,3.10727846910898
exp3_83,Replayed,-1.0,1.0,4.585475844951272
exp3_83,Replayed,0.0,-1.0,0.6599078687886937
exp3_83,Replayed,0.0,0.0,2.4983678932751427
exp3_83,Replayed,0.0,1.0,4.969806809540769
exp3_83,Replayed,1.0,-1.0,0.8903347342407355
exp3_83,Replayed,1.0,0.0,2.800661898750643
exp3_83,Replayed,1.0,1.0,4.628903032464604
exp3_84,Replayed,-1.0,-1.0,1.2410895016131618
exp3_84,Replayed,-1.0,0.0,3.0046527294915526
exp3_84,Replayed,-1.0,1.0,4.7230728692981465
exp3_84,Replayed,0.0,-1.0,0.5864016958728477
exp3_84,Replayed,0.0,0.0,1.5504636540469054
exp3_84,Replayed,0.0,1.0,2.661749255510873
exp3_84,Replayed,1.0,-1.0,0.5087870160209761
exp3_84,Replayed,1.0,0.0,1.7271704988603924
exp3_84,Replayed,1.0,1.0,3.8069185220129076
exp3_85,Replayed,-1.0,-1.0,1.6940396408169818
exp3_85,Replayed,-1.0,0.0,4.172419356637138
exp3_85,Replayed,-1.0,1.0,6.526781250766344
exp3_85,Replayed,0.0,-1.0,1.8566868228648
exp3_85,Replayed,0.0,0.0,4.295517890426963
exp3_85,Replayed,0.0,1.0,6.311595125700572
exp3_85,Replayed,1.0,-1.0,0.9139318863101833
exp3_85,Replayed,1.0,0.0,3.7554268068583654
exp3_85,Replayed,1.0,1.0,9.800573661901312
exp3_86,Replayed,-1.0,-1.0,0.040717912414240685
exp3_86,Replayed,-1.0,0.0,0.4059186949274559
exp3_86,Replayed,-1.0,1.0,2.193015370688888
exp3_86,Replayed,0.0,-1.0,0.03217964387426866
exp3_86,Replayed,0.0,0.0,0.43768419127203734
exp3_86,Replayed,0.0,1.0,3.226187171801263
exp3_86,Replayed,1.0,-1.0,0.028665788771099546
exp3_86,Replayed,1.0,0.0,0.342533390673297
exp3_86,Replayed,1.0,1.0,2.218150467868038
exp3_87,Replayed,-1.0,-1.0,0.3838507351347749
exp3_87,Replayed,-1.0,0.0,2.076669621414838
exp3_87,Replayed,-1.0,1.0,4.192391845281123
exp3_87,Replayed,0.0,-1.0,0.14727495725044684
exp3_87,Replayed,0.0,0.0,1.1399266694631798
exp3_87,Replayed,0.0,1.0,3.2924133048057747
exp3_87,Replayed,1.0,-1.0,0.6132034945547971
exp3_87,Replayed,1.0,0.0,2.9226511867676104
exp3_87,Replayed,1.0,1.0,5.198029928446832
exp3_88,Replayed,-1.0,-1.0,0.3608948442836234
exp3_88,Replayed,-1.0,0.0,1.9353635928013382
exp3_88,Replayed,-1.0,1.0,3.9951331934020646
exp3_88,Replayed,0.0,-1.0,0.18269354667841034
exp3_88,Replayed,0.0,0.0,1.4769674080239248
exp3_88,Replayed,0.0,1.0,4.596268843963441
exp3_88,Replayed,1.0,-1.0,0.2226651985575032
exp3_88,Replayed,1.0,0.0,1.492987760237499
exp3_88,Replayed,1.0,1.0,3.853425410107099
exp3_89,Replayed,-1.0,-1.0,0.9719945733590365
exp3_89,Replayed,-1.0,0.0,3.4109037865807337
exp3_89,Replayed,-1.0,1.0,5.035572405271917
exp3_89,Replayed,0.0,-1.0,1.9179809864397084
exp3_89,Replayed,0.0,0.0,5.41406708341566
exp3_89,Replayed,0.0,1.0,6.429492803952734
exp3_89,Replayed,1.0,-1.0,0.4504741941596206
exp3_89,Replayed,1.0,0.0,2.6300793760114614
exp3_89,Replayed,1.0,1.0,6.460134220174984
exp3_9,Forced,-1.0,-1.0,1.1902312419364394
exp3_9,Forced,-1.0,0.0,1.970096773253342
exp3_9,Forced,-1.0,1.0,2.1437175538172974
exp3_9,Forced,0.0,-1.0,1.4018470079445242
exp3_9,Forced,0.0,0.0,3.431469574037084
exp3_9,Forced,0.0,1.0,5.521835651344904
exp3_9,Forced,1.0,-1.0,1.484032522523468
exp3_9,Forced,1.0,0.0,2.3794347173859887
exp3_9,Forced,1.0,1.0,2.508002469236635
exp3_90,Replayed,-1.0,-1.0,0.3170238686525093
exp3_90,Replayed,-1.0,0.0,1.7231884232912673
exp3_90,Replayed,-1.0,1.0,4.050125290427928
exp3_90,Replayed,0.0,-1.0,0.3437947667076918
exp3_90,Replayed,0.0,0.0,1.775284252441386
exp3_90,Replayed,0.0,1.0,3.963979711437829
exp3_90,Replayed,1.0,-1.0,0.2988358247767874
exp3_90,Replayed,1.0,0.0,1.47702028527114
exp3_90,Replayed,1.0,1.0,3.1567133210679077
exp3_91,Replayed,-1.0,-1.0,0.5770078347271602
exp3_91,Replayed,-1.0,0.0,1.9640662681549332
exp3_91,Replayed,-1.0,1.0,5.2862499366192495
exp3_91,Replayed,0.0,-1.0,1.82862956522885
exp3_91,Replayed,0.0,0.0,3.606322322851182
exp3_91,Replayed,0.0,1.0,5.623678342128965
exp3_91,Replayed,1.0,-1.0,0.3266095541703249
exp3_91,Replayed,1.0,0.0,1.4540624069647898
exp3_91,Replayed,1.0,1.0,5.118637066425979
exp3_92,Replayed,-1.0,-1.0,-0.07692204893914599
exp3_92,Replayed,-1.0,0.0,0.3139495516146498
exp3_92,Replayed,-1.0,1.0,2.2033968050659625
exp3_92,Replayed,0.0,-1.0,-0.06334850122247489
exp3_92,Replayed,0.0,0.0,0.2670364624882097
exp3_92,Replayed,0.0,1.0,1.93565793824999
exp3_92,Replayed,1.0,-1.0,-0.041453253908630146
exp3_92,Replayed,1.0,0.0,0.18884425423706472
exp3_92,Replayed,1.0,1.0,1.4793561771808506
exp3_93,Replayed,-1.0,-1.0,0.17273096196142032
exp3_93,Replayed,-1.0,0.0,0.8019047678300485
exp3_93,Replayed,-1.0,1.0,2.7959970023301337
exp3_93,Replayed,0.0,-1.0,0.13880835063762043
exp3_93,Replayed,0.0,0.0,0.6106870938797531
exp3_93,Replayed,0.0,1.0,2.0178235744720383
exp3_93,Replayed,1.0,-1.0,0.13329155553128524
exp3_93,Replayed,1.0,0.0,0.7033187233918323
exp3_93,Replayed,1.0,1.0,2.787167208743244
exp3_94,Replayed,-1.0,-1.0,0.5126833272418256
exp3_94,Replayed,-1.0,0.0,1.8303188177834337
exp3_94,Replayed,-1.0,1.0,4.200986261585019
exp3_94,Replayed,0.0,-1.0,0.8823932385416665
exp3_94,Replayed,0.0,0.0,2.3014655452963293
exp3_94,Replayed,0.0,1.0,3.8591685721660656
exp3_94,Replayed,1.0,-1.0,0.19573643068383356
exp3_94,Replayed,1.0,0.0,1.1862768835322093
exp3_94,Replayed,1.0,1.0,4.622186198555859
exp3_95,Replayed,-1.0,-1.0,0.6090048580254735
exp3_95,Replayed,-1.0,0.0,2.237761360190052
exp3_95,Replayed,-1.0,1.0,5.421042796997534
exp3_95,Replayed,0.0,-1.0,0.7564397579104155
exp3_95,Replayed,0.0,0.0,2.506853243486071
exp3_95,Replayed,0.0,1.0,5.477211674902409
exp3_95,Replayed,1.0,-1.0,0.21166835559183375
exp3_95,Replayed,1.0,0.0,1.3203362448247586
exp3_95,Replayed,1.0,1.0,5.429867182587678
exp3_96,Replayed,-1.0,-1.0,0.3291646752561389
exp3_96,Replayed,-1.0,0.0,2.2065151200084516
exp3_96,Replayed,-1.0,1.0,4.918430072818737
exp3_96,Replayed,0.0,-1.0,0.3469761649865518
exp3_96,Replayed,0.0,0.0,1.7279764968065265
exp3_96,Replayed,0.0,1.0,2.8615538788397554
exp3_96,Replayed,1.0,-1.0,0.11926284363640599
exp3_96,Replayed,1.0,0.0,1.324899944639787
exp3_96,Replayed,1.0,1.0,4.894258587805663
exp3_97,Replayed,-1.0,-1.0,-0.007326302258417911
exp3_97,Replayed,-1.0,0.0,0.5445071974692681
exp3_97,Replayed,-1.0,1.0,2.1420737631060947
exp3_97,Replayed,0.0,-1.0,-0.004323714490257033
exp3_97,Replayed,0.0,0.0,0.49479982175062986
exp3_97,Replayed,0.0,1.0,2.9971885530421223
exp3_97,Replayed,1.0,-1.0,-0.004736855509278148
exp3_97,Replayed,1.0,0.0,0.4136093007988098
exp3_97,Replayed,1.0,1.0,1.9116239340853032
exp3_98,Replayed,-1.0,-1.0,5.799765208157358
exp3_98,Replayed,-1.0,0.0,8.220205955334423
exp3_98,Replayed,-1.0,1.0,10.131532950930719
exp3_98,Replayed,0.0,-1.0,2.955970252241038
exp3_98,Replayed,0.0,0.0,4.511755232872895
exp3_98,Replayed,0.0,1.0,5.988405191939148
exp3_98,Replayed,1.0,-1.0,1.6229977008062464
exp3_98,Replayed,1.0,0.0,4.26783114049943
exp3_98,Replayed,1.0,1.0,9.759256380299343
exp3_99,Replayed,-1.0,-1.0,0.24972464865240152
exp3_99,Replayed,-1.0,0.0,1.7707150435563783
exp3_99,Replayed,-1.0,1.0,4.69040830295311
exp3_99,Replayed,0.0,-1.0,0.3621146888792166
exp3_99,Replayed,0.0,0.0,1.625054776065337
exp3_99,Replayed,0.0,1.0,2.7243604923751166
exp3_99,Replayed,1.0,-1.0,0.4754219334919075
exp3_99,Replayed,1.0,0.0,2.118698533247475
exp3_99,Replayed,1.0,1.0,3.527230366445872
